Gcar,Gtm,Date,Team,,Opp,Result,GS,MP,FG,FGA,FG%,3P,3PA,3P%,2P,2PA,2P%,eFG%,FT,FTA,FT%,ORB,DRB,TRB,AST,STL,BLK,TOV,PF,PTS,GmSc,+/-,Player
514,1,2024-10-22,BOS,,NYK,"W, 132-109",*,30:18,14,18,.778,8,11,.727,6,7,.857,1.000,1,2,.500,0,4,4,10,1,1,1,1,37,38.1,26,Jayson Tatum
515,2,2024-10-24,BOS,@,WAS,"W, 122-102",*,28:39,9,20,.450,3,11,.273,6,9,.667,.525,4,7,.571,2,9,11,6,1,0,1,1,25,21.3,14,Jayson Tatum
516,3,2024-10-26,BOS,@,DET,"W, 124-118",*,38:08,12,26,.462,6,13,.462,6,13,.462,.577,7,9,.778,1,3,4,2,2,1,1,5,37,25.5,1,Jayson Tatum
517,4,2024-10-28,BOS,,MIL,"W, 119-108",*,36:25,6,16,.375,1,8,.125,5,8,.625,.406,2,2,1.000,0,8,8,4,2,1,3,5,15,9.1,18,Jayson Tatum
518,5,2024-10-30,BOS,@,IND,"L, 132-135 (OT)",*,43:22,10,25,.400,5,18,.278,5,7,.714,.500,12,15,.800,1,7,8,4,4,0,3,3,37,27.7,-7,Jayson Tatum
Gcar,Gtm,Date,Team,,Opp,Result,GS,MP,FG,FGA,FG%,3P,3PA,3P%,2P,2PA,2P%,eFG%,FT,FTA,FT%,ORB,DRB,TRB,AST,STL,BLK,TOV,PF,PTS,GmSc,+/-,Jayson Tatum
519,6,2024-11-01,BOS,@,CHO,"W, 124-109",*,35:38,9,19,.474,3,9,.333,6,10,.600,.553,11,13,.846,1,10,11,3,3,1,5,1,32,25.6,16,Jayson Tatum
520,7,2024-11-02,BOS,@,CHO,"W, 113-103",*,33:44,7,15,.467,1,9,.111,6,6,1.000,.500,14,17,.824,0,7,7,3,0,0,5,3,29,18.1,4,Jayson Tatum
521,8,2024-11-04,BOS,@,ATL,"W, 123-93",*,30:29,10,21,.476,6,14,.429,4,7,.571,.619,2,3,.667,0,6,6,9,2,0,1,0,28,26.0,27,Jayson Tatum
522,9,2024-11-06,BOS,,GSW,"L, 112-118",*,36:45,10,20,.500,5,10,.500,5,10,.500,.625,7,9,.778,0,4,4,2,1,1,4,3,32,20.3,-5,Jayson Tatum
523,10,2024-11-08,BOS,,BRK,"W, 108-104 (OT)",*,42:21,11,25,.440,5,13,.385,6,12,.500,.540,6,7,.857,0,9,9,6,2,1,3,3,33,24.9,10,Jayson Tatum
524,11,2024-11-10,BOS,@,MIL,"W, 113-107",*,40:12,7,21,.333,4,12,.333,3,9,.333,.429,13,15,.867,0,12,12,6,0,0,5,3,31,19.9,9,Jayson Tatum
525,12,2024-11-12,BOS,,ATL,"L, 116-117",*,37:26,5,16,.313,2,9,.222,3,7,.429,.375,8,8,1.000,0,6,6,8,1,2,5,3,20,14.4,4,Jayson Tatum
526,13,2024-11-13,BOS,@,BRK,"W, 139-114",*,35:23,12,19,.632,5,6,.833,7,13,.538,.763,7,9,.778,1,8,9,10,0,0,1,3,36,34.6,24,Jayson Tatum
527,14,2024-11-16,BOS,,TOR,"W, 126-123 (OT)",*,41:39,7,19,.368,5,12,.417,2,7,.286,.500,5,5,1.000,0,11,11,9,0,0,2,3,24,19.9,1,Jayson Tatum
528,15,2024-11-19,BOS,,CLE,"W, 120-117",*,37:38,11,22,.500,6,10,.600,5,12,.417,.636,5,7,.714,0,12,12,7,2,0,4,3,33,26.5,2,Jayson Tatum
529,16,2024-11-22,BOS,@,WAS,"W, 108-96",*,37:14,6,19,.316,0,10,.000,6,9,.667,.316,4,6,.667,1,8,9,8,2,0,3,2,16,11.2,20,Jayson Tatum
530,17,2024-11-24,BOS,,MIN,"W, 107-105",*,38:25,8,21,.381,5,12,.417,3,9,.333,.500,5,6,.833,0,8,8,4,2,0,1,4,26,18.7,7,Jayson Tatum
531,18,2024-11-25,BOS,,LAC,"W, 126-94",*,30:26,7,15,.467,2,6,.333,5,9,.556,.533,4,6,.667,1,8,9,4,0,2,3,1,20,15.4,15,Jayson Tatum
532,19,2024-11-29,BOS,@,CHI,"W, 138-129",*,35:43,12,18,.667,4,8,.500,8,10,.800,.778,7,10,.700,1,13,14,5,1,1,3,0,35,32.8,13,Jayson Tatum
Gcar,Gtm,Date,Team,,Opp,Result,GS,MP,FG,FGA,FG%,3P,3PA,3P%,2P,2PA,2P%,eFG%,FT,FTA,FT%,ORB,DRB,TRB,AST,STL,BLK,TOV,PF,PTS,GmSc,+/-,Jayson Tatum
533,20,2024-12-01,BOS,@,CLE,"L, 111-115",*,37:48,12,27,.444,4,9,.444,8,18,.444,.519,5,5,1.000,0,8,8,4,1,1,2,2,33,23.0,1,Jayson Tatum
534,21,2024-12-02,BOS,,MIA,"W, 108-89",*,36:06,7,21,.333,3,12,.250,4,9,.444,.405,1,1,1.000,1,10,11,4,1,0,6,2,18,6.8,13,Jayson Tatum
,22,2024-12-04,BOS,,DET,"W, 130-120",Inactive,,,,,,,,,,,,,,,,,,,,,,,,,,Jayson Tatum
535,23,2024-12-06,BOS,,MIL,"W, 111-105",*,37:03,12,20,.600,4,10,.400,8,10,.800,.700,6,8,.750,1,9,10,5,0,0,1,4,34,28.3,14,Jayson Tatum
536,24,2024-12-07,BOS,,MEM,"L, 121-127",*,37:44,6,21,.286,1,10,.100,5,11,.455,.310,4,5,.800,1,12,13,9,0,0,1,2,17,13.1,-3,Jayson Tatum
,25,2024-12-12,BOS,,DET,"W, 123-99",Did Not Dress,,,,,,,,,,,,,,,,,,,,,,,,,,Jayson Tatum
537,26,2024-12-15,BOS,@,WAS,"W, 112-98",*,34:53,12,26,.462,2,9,.222,10,17,.588,.500,2,2,1.000,1,11,12,2,0,0,4,4,28,14.4,4,Jayson Tatum
538,27,2024-12-19,BOS,,CHI,"L, 108-117",*,37:03,10,22,.455,4,11,.364,6,11,.545,.545,7,9,.778,0,10,10,4,2,0,1,4,31,24.0,0,Jayson Tatum
539,28,2024-12-21,BOS,@,CHI,"W, 123-98",*,35:31,16,24,.667,9,15,.600,7,9,.778,.854,2,2,1.000,1,14,15,10,0,0,4,2,43,39.7,13,Jayson Tatum
,29,2024-12-23,BOS,@,ORL,"L, 104-108",Did Not Play,,,,,,,,,,,,,,,,,,,,,,,,,,Jayson Tatum
540,30,2024-12-25,BOS,,PHI,"L, 114-118",*,41:51,11,20,.550,4,8,.500,7,12,.583,.650,6,7,.857,2,13,15,4,1,1,3,2,32,28.0,5,Jayson Tatum
541,31,2024-12-27,BOS,,IND,"W, 142-105",*,31:39,7,15,.467,3,10,.300,4,5,.800,.567,5,6,.833,1,12,13,4,3,0,1,2,22,22.2,21,Jayson Tatum
542,32,2024-12-29,BOS,,IND,"L, 114-123",*,41:13,8,17,.471,2,10,.200,6,7,.857,.529,4,5,.800,2,7,9,6,3,1,3,3,22,20.1,-21,Jayson Tatum
543,33,2024-12-31,BOS,,TOR,"W, 125-71",*,29:22,6,13,.462,4,9,.444,2,4,.500,.615,7,11,.636,0,8,8,3,1,0,3,2,23,16.4,38,Jayson Tatum
Gcar,Gtm,Date,Team,,Opp,Result,GS,MP,FG,FGA,FG%,3P,3PA,3P%,2P,2PA,2P%,eFG%,FT,FTA,FT%,ORB,DRB,TRB,AST,STL,BLK,TOV,PF,PTS,GmSc,+/-,Jayson Tatum
544,34,2025-01-02,BOS,@,MIN,"W, 118-115",*,38:09,13,27,.481,6,17,.353,7,10,.700,.593,1,2,.500,0,8,8,9,3,0,2,2,33,27.8,3,Jayson Tatum
545,35,2025-01-03,BOS,@,HOU,"W, 109-86",*,32:57,7,19,.368,4,10,.400,3,9,.333,.474,2,2,1.000,1,5,6,5,1,0,3,1,20,12.8,11,Jayson Tatum
546,36,2025-01-05,BOS,@,OKC,"L, 92-105",*,38:52,7,17,.412,2,6,.333,5,11,.455,.471,10,12,.833,1,9,10,1,2,0,2,1,26,19.8,-12,Jayson Tatum
547,37,2025-01-07,BOS,@,DEN,"W, 118-106",*,37:59,11,23,.478,1,9,.111,10,14,.714,.500,6,6,1.000,0,4,4,6,1,2,2,2,29,22.3,23,Jayson Tatum
548,38,2025-01-10,BOS,,SAC,"L, 97-114",*,35:03,5,13,.385,3,7,.429,2,6,.333,.500,2,3,.667,0,12,12,5,0,0,8,3,15,5.4,-11,Jayson Tatum
549,39,2025-01-12,BOS,,NOP,"W, 120-119",*,36:14,14,30,.467,2,10,.200,12,20,.600,.500,8,10,.800,3,8,11,1,1,1,3,1,38,25.3,-9,Jayson Tatum
550,40,2025-01-15,BOS,@,TOR,"L, 97-110",*,36:12,5,15,.333,3,9,.333,2,6,.333,.433,3,5,.600,1,9,10,7,0,1,1,2,16,13.9,-1,Jayson Tatum
551,41,2025-01-17,BOS,,ORL,"W, 121-94",*,35:01,12,21,.571,4,9,.444,8,12,.667,.667,2,3,.667,0,6,6,4,2,1,1,2,30,25.2,24,Jayson Tatum
552,42,2025-01-18,BOS,,ATL,"L, 115-119 (OT)",*,43:02,7,21,.333,2,9,.222,5,12,.417,.381,7,8,.875,0,8,8,7,3,0,3,2,23,17.2,0,Jayson Tatum
553,43,2025-01-20,BOS,@,GSW,"W, 125-85",*,28:27,9,20,.450,3,10,.300,6,10,.600,.525,1,1,1.000,0,9,9,7,2,0,3,1,22,17.8,28,Jayson Tatum
554,44,2025-01-22,BOS,@,LAC,"W, 117-113 (OT)",*,42:48,9,22,.409,4,13,.308,5,9,.556,.500,2,3,.667,0,7,7,8,1,2,5,1,24,16.5,1,Jayson Tatum
555,45,2025-01-23,BOS,@,LAL,"L, 96-117",*,29:49,5,12,.417,2,6,.333,3,6,.500,.500,4,7,.571,0,6,6,5,1,1,2,1,16,13.0,-13,Jayson Tatum
556,46,2025-01-25,BOS,@,DAL,"W, 122-107",*,35:07,8,22,.364,4,12,.333,4,10,.400,.455,4,4,1.000,0,6,6,3,1,0,3,5,24,11.7,-4,Jayson Tatum
557,47,2025-01-27,BOS,,HOU,"L, 112-114",*,41:43,5,14,.357,1,7,.143,4,7,.571,.393,8,8,1.000,2,4,6,7,0,0,3,0,19,15.7,11,Jayson Tatum
558,48,2025-01-29,BOS,,CHI,"W, 122-100",*,31:44,5,15,.333,2,6,.333,3,9,.333,.400,4,4,1.000,0,8,8,5,0,0,3,1,16,10.0,14,Jayson Tatum
559,49,2025-01-31,BOS,@,NOP,"W, 118-116",*,38:30,10,21,.476,4,10,.400,6,11,.545,.571,3,5,.600,1,5,6,10,1,0,5,2,27,19.9,4,Jayson Tatum
Gcar,Gtm,Date,Team,,Opp,Result,GS,MP,FG,FGA,FG%,3P,3PA,3P%,2P,2PA,2P%,eFG%,FT,FTA,FT%,ORB,DRB,TRB,AST,STL,BLK,TOV,PF,PTS,GmSc,+/-,Jayson Tatum
560,50,2025-02-02,BOS,@,PHI,"W, 118-110",*,44:16,13,20,.650,5,8,.625,8,12,.667,.775,4,5,.800,0,7,7,11,1,1,3,3,35,33.1,2,Jayson Tatum
561,51,2025-02-04,BOS,@,CLE,"W, 112-105",*,34:58,7,23,.304,3,11,.273,4,12,.333,.370,5,6,.833,0,4,4,7,2,2,1,0,22,16.8,1,Jayson Tatum
562,52,2025-02-06,BOS,,DAL,"L, 120-127",*,28:33,5,12,.417,3,5,.600,2,7,.286,.542,4,5,.800,2,2,4,4,0,1,4,2,17,10.9,-22,Jayson Tatum
563,53,2025-02-08,BOS,@,NYK,"W, 131-104",*,36:44,13,26,.500,7,14,.500,6,12,.500,.635,7,9,.778,0,6,6,4,0,0,1,1,40,29.4,18,Jayson Tatum
564,54,2025-02-10,BOS,@,MIA,"W, 103-85",*,37:44,13,26,.500,4,12,.333,9,14,.643,.577,3,3,1.000,0,8,8,2,0,1,0,1,33,24.1,6,Jayson Tatum
565,55,2025-02-12,BOS,,SAS,"W, 116-103",*,37:54,12,25,.480,4,14,.286,8,11,.727,.560,4,8,.500,1,13,14,7,0,1,2,3,32,24.7,12,Jayson Tatum
566,56,2025-02-20,BOS,@,PHI,"W, 124-104",*,34:32,5,13,.385,2,7,.286,3,6,.500,.462,3,3,1.000,0,11,11,10,1,0,3,1,15,15.8,19,Jayson Tatum
567,57,2025-02-23,BOS,,NYK,"W, 118-105",*,36:41,8,20,.400,3,10,.300,5,10,.500,.475,6,6,1.000,0,10,10,9,1,0,3,3,25,20.3,12,Jayson Tatum
568,58,2025-02-25,BOS,@,TOR,"W, 111-101",*,40:20,7,18,.389,3,12,.250,4,6,.667,.472,2,2,1.000,1,5,6,11,1,0,6,2,19,13.3,20,Jayson Tatum
569,59,2025-02-26,BOS,@,DET,"L, 97-117",*,33:09,10,19,.526,4,9,.444,6,10,.600,.632,3,4,.750,1,5,6,3,0,0,4,1,27,17.2,-11,Jayson Tatum
570,60,2025-02-28,BOS,,CLE,"L, 116-123",*,40:35,19,37,.514,4,12,.333,15,25,.600,.568,4,5,.800,5,11,16,9,0,3,3,4,46,37.9,5,Jayson Tatum
Gcar,Gtm,Date,Team,,Opp,Result,GS,MP,FG,FGA,FG%,3P,3PA,3P%,2P,2PA,2P%,eFG%,FT,FTA,FT%,ORB,DRB,TRB,AST,STL,BLK,TOV,PF,PTS,GmSc,+/-,Jayson Tatum
571,61,2025-03-02,BOS,,DEN,"W, 110-103",*,38:17,4,15,.267,1,7,.143,3,8,.375,.300,7,8,.875,0,11,11,7,0,0,6,5,16,6.9,-2,Jayson Tatum
,62,2025-03-05,BOS,,POR,"W, 128-118",Inactive,,,,,,,,,,,,,,,,,,,,,,,,,,Jayson Tatum
572,63,2025-03-06,BOS,,PHI,"W, 123-105",*,31:29,14,23,.609,5,11,.455,9,12,.750,.717,2,2,1.000,1,6,7,2,3,0,4,2,35,26.6,19,Jayson Tatum
573,64,2025-03-08,BOS,,LAL,"W, 111-101",*,45:26,12,28,.429,6,16,.375,6,12,.500,.536,10,12,.833,1,11,12,8,2,1,3,3,40,32.5,12,Jayson Tatum
,65,2025-03-10,BOS,,UTA,"W, 114-108",Did Not Dress,,,,,,,,,,,,,,,,,,,,,,,,,,Jayson Tatum
574,66,2025-03-12,BOS,,OKC,"L, 112-118",*,41:15,12,23,.522,4,13,.308,8,10,.800,.609,5,5,1.000,2,6,8,8,0,0,4,2,33,25.7,4,Jayson Tatum
575,67,2025-03-14,BOS,@,MIA,"W, 103-91",*,36:53,8,21,.381,5,12,.417,3,9,.333,.500,7,7,1.000,0,4,4,5,1,0,5,2,28,16.4,10,Jayson Tatum
576,68,2025-03-15,BOS,@,BRK,"W, 115-113",*,36:23,8,19,.421,1,7,.143,7,12,.583,.447,3,3,1.000,0,8,8,8,0,0,2,3,20,14.7,-15,Jayson Tatum
,69,2025-03-18,BOS,,BRK,"W, 104-96",Inactive,,,,,,,,,,,,,,,,,,,,,,,,,,Jayson Tatum
577,70,2025-03-21,BOS,@,UTA,"W, 121-99",*,33:28,11,25,.440,3,10,.300,8,15,.533,.500,1,1,1.000,0,6,6,6,3,0,6,1,26,15.5,18,Jayson Tatum
578,71,2025-03-23,BOS,@,POR,"W, 129-116",*,36:46,11,24,.458,1,7,.143,10,17,.588,.479,7,7,1.000,2,7,9,9,1,2,3,2,30,26.0,16,Jayson Tatum
579,72,2025-03-24,BOS,@,SAC,"W, 113-95",*,26:27,8,15,.533,5,9,.556,3,6,.500,.700,4,8,.500,0,7,7,8,0,0,3,1,25,20.4,13,Jayson Tatum
,73,2025-03-26,BOS,@,PHO,"W, 132-102",Did Not Dress,,,,,,,,,,,,,,,,,,,,,,,,,,Jayson Tatum
580,74,2025-03-29,BOS,@,SAS,"W, 121-111",*,35:53,10,22,.455,2,9,.222,8,13,.615,.500,7,7,1.000,1,9,10,8,0,1,1,1,29,25.9,9,Jayson Tatum
581,75,2025-03-31,BOS,@,MEM,"W, 117-103",*,38:23,10,24,.417,2,11,.182,8,13,.615,.458,3,3,1.000,2,12,14,2,0,1,4,0,25,15.3,9,Jayson Tatum
Gcar,Gtm,Date,Team,,Opp,Result,GS,MP,FG,FGA,FG%,3P,3PA,3P%,2P,2PA,2P%,eFG%,FT,FTA,FT%,ORB,DRB,TRB,AST,STL,BLK,TOV,PF,PTS,GmSc,+/-,Jayson Tatum
582,76,2025-04-02,BOS,,MIA,"L, 103-124",*,31:53,4,17,.235,2,9,.222,2,8,.250,.294,6,7,.857,0,3,3,7,1,0,2,3,16,8.9,-11,Jayson Tatum
583,77,2025-04-04,BOS,,PHO,"W, 123-103",*,34:36,9,18,.500,1,8,.125,8,10,.800,.528,4,5,.800,0,8,8,8,1,1,2,2,23,20.5,12,Jayson Tatum
,78,2025-04-06,BOS,,WAS,"W, 124-90",Did Not Dress,,,,,,,,,,,,,,,,,,,,,,,,,,Jayson Tatum
584,79,2025-04-08,BOS,@,NYK,"W, 119-117 (OT)",*,47:44,11,22,.500,4,11,.364,7,11,.636,.591,6,8,.750,0,7,7,5,1,1,2,2,32,24.7,2,Jayson Tatum
,80,2025-04-09,BOS,@,ORL,"L, 76-96",Inactive,,,,,,,,,,,,,,,,,,,,,,,,,,Jayson Tatum
585,81,2025-04-11,BOS,,CHO,"W, 130-94",*,31:49,6,17,.353,3,10,.300,3,7,.429,.441,1,1,1.000,1,7,8,8,0,0,0,4,16,13.3,23,Jayson Tatum
,82,2025-04-13,BOS,,CHO,"W, 93-86",Did Not Dress,,,,,,,,,,,,,,,,,,,,,,,,,,Jayson Tatum
541,1,2024-10-22,BOS,,NYK,"W, 132-109",*,29:54,7,18,.389,5,9,.556,2,9,.222,.528,4,4,1.000,2,5,7,1,1,0,1,3,23,15.6,23,Jaylen Brown
542,2,2024-10-24,BOS,@,WAS,"W, 122-102",*,30:18,10,20,.500,3,6,.500,7,14,.500,.575,4,5,.800,1,7,8,3,4,0,2,1,27,23.1,22,Jaylen Brown
543,3,2024-10-26,BOS,@,DET,"W, 124-118",*,38:09,6,24,.250,3,9,.333,3,15,.200,.313,9,10,.900,3,7,10,5,1,0,2,2,24,15.1,11,Jaylen Brown
544,4,2024-10-28,BOS,,MIL,"W, 119-108",*,38:00,10,19,.526,0,4,.000,10,15,.667,.526,10,14,.714,1,5,6,4,0,0,4,2,30,19.3,8,Jaylen Brown
545,5,2024-10-30,BOS,@,IND,"L, 132-135 (OT)",*,43:08,11,30,.367,1,11,.091,10,19,.526,.383,2,4,.500,0,6,6,5,2,2,3,4,25,11.7,-13,Jaylen Brown
Gcar,Gtm,Date,Team,,Opp,Result,GS,MP,FG,FGA,FG%,3P,3PA,3P%,2P,2PA,2P%,eFG%,FT,FTA,FT%,ORB,DRB,TRB,AST,STL,BLK,TOV,PF,PTS,GmSc,+/-,Jaylen Brown
546,6,2024-11-01,BOS,@,CHO,"W, 124-109",*,36:30,8,19,.421,0,6,.000,8,13,.615,.421,9,10,.900,3,3,6,5,1,1,1,3,25,20.5,11,Jaylen Brown
,7,2024-11-02,BOS,@,CHO,"W, 113-103",Inactive,,,,,,,,,,,,,,,,,,,,,,,,,,Jaylen Brown
,8,2024-11-04,BOS,@,ATL,"W, 123-93",Inactive,,,,,,,,,,,,,,,,,,,,,,,,,,Jaylen Brown
,9,2024-11-06,BOS,,GSW,"L, 112-118",Did Not Dress,,,,,,,,,,,,,,,,,,,,,,,,,,Jaylen Brown
,10,2024-11-08,BOS,,BRK,"W, 108-104 (OT)",Did Not Dress,,,,,,,,,,,,,,,,,,,,,,,,,,Jaylen Brown
547,11,2024-11-10,BOS,@,MIL,"W, 113-107",*,37:25,4,13,.308,1,5,.200,3,8,.375,.346,5,6,.833,0,5,5,4,0,0,1,3,14,8.2,6,Jaylen Brown
548,12,2024-11-12,BOS,,ATL,"L, 116-117",*,35:56,14,22,.636,3,6,.500,11,16,.688,.705,6,10,.600,2,3,5,2,1,0,6,3,37,23.1,0,Jaylen Brown
549,13,2024-11-13,BOS,@,BRK,"W, 139-114",*,36:02,8,19,.421,2,5,.400,6,14,.429,.474,6,9,.667,2,10,12,4,1,0,0,2,24,20.1,27,Jaylen Brown
550,14,2024-11-16,BOS,,TOR,"W, 126-123 (OT)",*,42:57,8,16,.500,2,7,.286,6,9,.667,.563,9,10,.900,2,4,6,7,0,1,3,5,27,21.8,2,Jaylen Brown
551,15,2024-11-19,BOS,,CLE,"W, 120-117",*,37:21,7,17,.412,2,7,.286,5,10,.500,.471,1,2,.500,0,3,3,8,1,0,4,5,17,9.0,17,Jaylen Brown
552,16,2024-11-22,BOS,@,WAS,"W, 108-96",*,37:12,11,27,.407,3,13,.231,8,14,.571,.463,6,8,.750,3,8,11,5,0,0,3,3,31,19.5,4,Jaylen Brown
553,17,2024-11-24,BOS,,MIN,"W, 107-105",*,36:26,10,18,.556,7,10,.700,3,8,.375,.750,2,2,1.000,1,1,2,4,1,1,1,4,29,23.3,-1,Jaylen Brown
554,18,2024-11-25,BOS,,LAC,"W, 126-94",*,30:45,6,11,.545,3,7,.429,3,4,.750,.682,2,4,.500,0,6,6,4,3,1,3,1,17,15.8,11,Jaylen Brown
555,19,2024-11-29,BOS,@,CHI,"W, 138-129",*,36:50,7,21,.333,4,10,.400,3,11,.273,.429,3,4,.750,1,1,2,4,0,0,3,2,21,8.7,7,Jaylen Brown
Gcar,Gtm,Date,Team,,Opp,Result,GS,MP,FG,FGA,FG%,3P,3PA,3P%,2P,2PA,2P%,eFG%,FT,FTA,FT%,ORB,DRB,TRB,AST,STL,BLK,TOV,PF,PTS,GmSc,+/-,Jaylen Brown
,20,2024-12-01,BOS,@,CLE,"L, 111-115",Inactive,,,,,,,,,,,,,,,,,,,,,,,,,,Jaylen Brown
556,21,2024-12-02,BOS,,MIA,"W, 108-89",*,31:10,8,21,.381,4,11,.364,4,10,.400,.476,9,10,.900,4,3,7,4,1,0,2,2,29,21.8,23,Jaylen Brown
557,22,2024-12-04,BOS,,DET,"W, 130-120",*,38:31,10,21,.476,1,6,.167,9,15,.600,.500,7,11,.636,1,5,6,9,3,0,4,0,28,23.2,16,Jaylen Brown
558,23,2024-12-06,BOS,,MIL,"W, 111-105",*,34:28,10,21,.476,3,9,.333,7,12,.583,.548,2,2,1.000,1,2,3,3,0,1,1,3,25,16.2,5,Jaylen Brown
559,24,2024-12-07,BOS,,MEM,"L, 121-127",*,35:16,10,14,.714,2,3,.667,8,11,.727,.786,0,1,.000,1,2,3,6,1,0,5,3,22,16.1,-17,Jaylen Brown
560,25,2024-12-12,BOS,,DET,"W, 123-99",*,29:57,6,12,.500,1,2,.500,5,10,.500,.542,1,1,1.000,1,8,9,6,1,0,4,1,14,11.9,30,Jaylen Brown
561,26,2024-12-15,BOS,@,WAS,"W, 112-98",*,25:43,4,14,.286,2,5,.400,2,9,.222,.357,1,4,.250,0,3,3,4,3,1,3,1,11,5.6,13,Jaylen Brown
562,27,2024-12-19,BOS,,CHI,"L, 108-117",*,36:27,7,17,.412,1,8,.125,6,9,.667,.441,4,5,.800,1,2,3,4,1,0,3,1,19,11.2,-19,Jaylen Brown
563,28,2024-12-21,BOS,@,CHI,"W, 123-98",*,33:00,9,20,.450,0,5,.000,9,15,.600,.450,1,2,.500,2,3,5,8,1,0,2,0,19,15.1,16,Jaylen Brown
564,29,2024-12-23,BOS,@,ORL,"L, 104-108",*,36:53,15,29,.517,1,7,.143,14,22,.636,.534,4,6,.667,2,7,9,4,3,0,5,4,35,22.6,6,Jaylen Brown
565,30,2024-12-25,BOS,,PHI,"L, 114-118",*,42:50,10,23,.435,3,6,.500,7,17,.412,.500,0,3,.000,1,6,7,4,2,0,5,4,23,10.4,-1,Jaylen Brown
566,31,2024-12-27,BOS,,IND,"W, 142-105",*,37:15,16,24,.667,6,11,.545,10,13,.769,.792,6,6,1.000,3,2,5,3,4,0,1,0,44,41.4,30,Jaylen Brown
567,32,2024-12-29,BOS,,IND,"L, 114-123",*,36:25,13,21,.619,2,6,.333,11,15,.733,.667,3,5,.600,0,4,4,6,1,0,2,3,31,23.9,-10,Jaylen Brown
568,33,2024-12-31,BOS,,TOR,"W, 125-71",*,25:28,6,13,.462,0,2,.000,6,11,.545,.462,0,0,,5,4,9,3,1,0,3,1,12,9.7,11,Jaylen Brown
Gcar,Gtm,Date,Team,,Opp,Result,GS,MP,FG,FGA,FG%,3P,3PA,3P%,2P,2PA,2P%,eFG%,FT,FTA,FT%,ORB,DRB,TRB,AST,STL,BLK,TOV,PF,PTS,GmSc,+/-,Jaylen Brown
,34,2025-01-02,BOS,@,MIN,"W, 118-115",Did Not Dress,,,,,,,,,,,,,,,,,,,,,,,,,,Jaylen Brown
,35,2025-01-03,BOS,@,HOU,"W, 109-86",Inactive,,,,,,,,,,,,,,,,,,,,,,,,,,Jaylen Brown
569,36,2025-01-05,BOS,@,OKC,"L, 92-105",*,39:37,8,19,.421,1,6,.167,7,13,.538,.447,4,4,1.000,0,4,4,3,1,1,3,2,21,12.1,-7,Jaylen Brown
570,37,2025-01-07,BOS,@,DEN,"W, 118-106",*,38:27,6,13,.462,0,1,.000,6,12,.500,.462,2,2,1.000,0,8,8,8,0,0,4,3,14,10.1,5,Jaylen Brown
571,38,2025-01-10,BOS,,SAC,"L, 97-114",*,35:06,9,19,.474,1,5,.200,8,14,.571,.500,9,11,.818,1,0,1,5,1,1,1,2,28,21.6,-9,Jaylen Brown
572,39,2025-01-12,BOS,,NOP,"W, 120-119",*,38:36,6,14,.429,0,2,.000,6,12,.500,.429,4,4,1.000,2,6,8,7,0,0,4,3,16,11.5,0,Jaylen Brown
573,40,2025-01-15,BOS,@,TOR,"L, 97-110",*,32:38,4,16,.250,1,1,1.000,3,15,.200,.281,1,2,.500,2,5,7,4,1,0,2,3,10,3.5,-23,Jaylen Brown
574,41,2025-01-17,BOS,,ORL,"W, 121-94",*,32:40,5,12,.417,1,2,.500,4,10,.400,.458,9,9,1.000,1,5,6,6,3,0,3,3,20,18.8,22,Jaylen Brown
575,42,2025-01-18,BOS,,ATL,"L, 115-119 (OT)",*,42:46,9,27,.333,2,9,.222,7,18,.389,.370,4,5,.800,6,5,11,8,2,0,4,2,24,16.8,-9,Jaylen Brown
576,43,2025-01-20,BOS,@,GSW,"W, 125-85",*,28:33,8,14,.571,1,3,.333,7,11,.636,.607,0,0,,1,3,4,2,0,0,2,2,17,10.6,27,Jaylen Brown
577,44,2025-01-22,BOS,@,LAC,"W, 117-113 (OT)",*,38:41,8,15,.533,2,2,1.000,6,13,.462,.600,7,9,.778,0,2,2,6,3,1,5,4,25,18.8,1,Jaylen Brown
578,45,2025-01-23,BOS,@,LAL,"L, 96-117",*,33:02,7,19,.368,3,9,.333,4,10,.400,.447,0,3,.000,2,6,8,3,1,0,0,2,17,10.8,-18,Jaylen Brown
579,46,2025-01-25,BOS,@,DAL,"W, 122-107",*,30:41,10,21,.476,0,5,.000,10,16,.625,.476,2,6,.333,1,7,8,6,0,0,0,4,22,15.1,10,Jaylen Brown
580,47,2025-01-27,BOS,,HOU,"L, 112-114",*,38:01,10,23,.435,3,9,.333,7,14,.500,.500,5,6,.833,0,4,4,4,0,1,2,4,28,16.6,-12,Jaylen Brown
581,48,2025-01-29,BOS,,CHI,"W, 122-100",*,35:37,10,18,.556,1,5,.200,9,13,.692,.583,7,11,.636,0,6,6,6,1,0,0,3,28,23.6,23,Jaylen Brown
582,49,2025-01-31,BOS,@,NOP,"W, 118-116",*,34:35,11,18,.611,3,6,.500,8,12,.667,.694,3,4,.750,1,5,6,4,0,0,1,4,28,21.8,2,Jaylen Brown
Gcar,Gtm,Date,Team,,Opp,Result,GS,MP,FG,FGA,FG%,3P,3PA,3P%,2P,2PA,2P%,eFG%,FT,FTA,FT%,ORB,DRB,TRB,AST,STL,BLK,TOV,PF,PTS,GmSc,+/-,Jaylen Brown
583,50,2025-02-02,BOS,@,PHI,"W, 118-110",*,41:43,9,17,.529,2,7,.286,7,10,.700,.588,1,2,.500,3,7,10,6,1,0,2,4,21,18.1,17,Jaylen Brown
584,51,2025-02-04,BOS,@,CLE,"W, 112-105",*,28:19,7,12,.583,0,0,,7,12,.583,.583,2,2,1.000,2,7,9,6,0,0,5,5,16,11.1,-9,Jaylen Brown
585,52,2025-02-06,BOS,,DAL,"L, 120-127",*,32:40,9,16,.563,3,4,.750,6,12,.500,.656,4,4,1.000,0,5,5,2,1,0,3,1,25,17.9,-15,Jaylen Brown
586,53,2025-02-08,BOS,@,NYK,"W, 131-104",*,31:47,5,14,.357,0,3,.000,5,11,.455,.357,2,2,1.000,1,2,3,5,3,1,4,3,12,7.5,9,Jaylen Brown
,54,2025-02-10,BOS,@,MIA,"W, 103-85",Did Not Dress,,,,,,,,,,,,,,,,,,,,,,,,,,Jaylen Brown
,55,2025-02-12,BOS,,SAS,"W, 116-103",Did Not Dress,,,,,,,,,,,,,,,,,,,,,,,,,,Jaylen Brown
587,56,2025-02-20,BOS,@,PHI,"W, 124-104",*,26:56,7,13,.538,2,6,.333,5,7,.714,.615,4,4,1.000,3,3,6,6,0,0,3,1,20,17.5,6,Jaylen Brown
588,57,2025-02-23,BOS,,NYK,"W, 118-105",*,36:37,10,21,.476,2,7,.286,8,14,.571,.524,2,2,1.000,1,7,8,2,2,0,2,2,24,16.7,14,Jaylen Brown
589,58,2025-02-25,BOS,@,TOR,"W, 111-101",*,33:25,10,18,.556,0,5,.000,10,13,.769,.556,4,4,1.000,1,4,5,4,1,0,3,1,24,17.7,5,Jaylen Brown
,59,2025-02-26,BOS,@,DET,"L, 97-117",Inactive,,,,,,,,,,,,,,,,,,,,,,,,,,Jaylen Brown
590,60,2025-02-28,BOS,,CLE,"L, 116-123",*,33:55,13,24,.542,4,6,.667,9,18,.500,.625,7,10,.700,4,1,5,2,0,0,3,4,37,24.1,10,Jaylen Brown
Gcar,Gtm,Date,Team,,Opp,Result,GS,MP,FG,FGA,FG%,3P,3PA,3P%,2P,2PA,2P%,eFG%,FT,FTA,FT%,ORB,DRB,TRB,AST,STL,BLK,TOV,PF,PTS,GmSc,+/-,Jaylen Brown
591,61,2025-03-02,BOS,,DEN,"W, 110-103",*,36:36,6,15,.400,2,4,.500,4,11,.364,.467,8,9,.889,0,5,5,8,2,2,5,2,22,18.2,10,Jaylen Brown
592,62,2025-03-05,BOS,,POR,"W, 128-118",*,39:57,7,23,.304,0,4,.000,7,19,.368,.304,4,6,.667,3,5,8,8,1,0,3,2,18,10.3,15,Jaylen Brown
,63,2025-03-06,BOS,,PHI,"W, 123-105",Inactive,,,,,,,,,,,,,,,,,,,,,,,,,,Jaylen Brown
593,64,2025-03-08,BOS,,LAL,"W, 111-101",*,41:37,13,25,.520,3,6,.500,10,19,.526,.580,2,4,.500,1,5,6,2,3,0,2,2,31,21.7,11,Jaylen Brown
594,65,2025-03-10,BOS,,UTA,"W, 114-108",*,38:24,8,20,.400,0,5,.000,8,15,.533,.400,10,11,.909,0,8,8,7,3,1,3,1,26,22.4,17,Jaylen Brown
595,66,2025-03-12,BOS,,OKC,"L, 112-118",*,37:59,5,15,.333,0,5,.000,5,10,.500,.333,0,0,,1,4,5,2,2,1,2,6,10,3.1,-2,Jaylen Brown
,67,2025-03-14,BOS,@,MIA,"W, 103-91",Did Not Dress,,,,,,,,,,,,,,,,,,,,,,,,,,Jaylen Brown
596,68,2025-03-15,BOS,@,BRK,"W, 115-113",*,24:25,3,8,.375,1,3,.333,2,5,.400,.438,1,2,.500,0,6,6,3,1,2,0,0,8,9.5,9,Jaylen Brown
,69,2025-03-18,BOS,,BRK,"W, 104-96",Inactive,,,,,,,,,,,,,,,,,,,,,,,,,,Jaylen Brown
,70,2025-03-21,BOS,@,UTA,"W, 121-99",Inactive,,,,,,,,,,,,,,,,,,,,,,,,,,Jaylen Brown
,71,2025-03-23,BOS,@,POR,"W, 129-116",Inactive,,,,,,,,,,,,,,,,,,,,,,,,,,Jaylen Brown
597,72,2025-03-24,BOS,@,SAC,"W, 113-95",*,25:46,4,8,.500,1,3,.333,3,5,.600,.563,0,0,,0,2,2,0,1,0,3,1,9,3.2,-1,Jaylen Brown
598,73,2025-03-26,BOS,@,PHO,"W, 132-102",*,28:19,7,15,.467,4,9,.444,3,6,.500,.600,6,6,1.000,0,3,3,5,1,0,1,4,24,19.1,24,Jaylen Brown
599,74,2025-03-29,BOS,@,SAS,"W, 121-111",*,29:49,6,9,.667,1,4,.250,5,5,1.000,.722,1,2,.500,0,2,2,4,0,0,2,3,14,9.9,1,Jaylen Brown
,75,2025-03-31,BOS,@,MEM,"W, 117-103",Did Not Dress,,,,,,,,,,,,,,,,,,,,,,,,,,Jaylen Brown
Gcar,Gtm,Date,Team,,Opp,Result,GS,MP,FG,FGA,FG%,3P,3PA,3P%,2P,2PA,2P%,eFG%,FT,FTA,FT%,ORB,DRB,TRB,AST,STL,BLK,TOV,PF,PTS,GmSc,+/-,Jaylen Brown
600,76,2025-04-02,BOS,,MIA,"L, 103-124",*,28:47,10,20,.500,2,6,.333,8,14,.571,.550,2,3,.667,2,7,9,4,0,0,3,2,24,16.1,-1,Jaylen Brown
601,77,2025-04-04,BOS,,PHO,"W, 123-103",*,28:27,10,16,.625,3,4,.750,7,12,.583,.719,8,9,.889,0,5,5,3,0,0,1,0,31,26.0,21,Jaylen Brown
602,78,2025-04-06,BOS,,WAS,"W, 124-90",*,21:34,5,9,.556,2,4,.500,3,5,.600,.667,3,4,.750,0,2,2,5,0,0,1,0,15,13.4,13,Jaylen Brown
603,79,2025-04-08,BOS,@,NYK,"W, 119-117 (OT)",*,21:39,2,8,.250,0,2,.000,2,6,.333,.250,2,2,1.000,0,5,5,1,0,0,3,3,6,-0.8,-2,Jaylen Brown
,80,2025-04-09,BOS,@,ORL,"L, 76-96",Did Not Dress,,,,,,,,,,,,,,,,,,,,,,,,,,Jaylen Brown
,81,2025-04-11,BOS,,CHO,"W, 130-94",Inactive,,,,,,,,,,,,,,,,,,,,,,,,,,Jaylen Brown
,82,2025-04-13,BOS,,CHO,"W, 93-86",Inactive,,,,,,,,,,,,,,,,,,,,,,,,,,Jaylen Brown
419,1,2024-10-22,BOS,,NYK,"W, 132-109",*,26:38,8,13,.615,6,10,.600,2,3,.667,.846,2,2,1.000,0,3,3,4,1,0,0,1,24,22.4,21,Derrick White
420,2,2024-10-24,BOS,@,WAS,"W, 122-102",*,29:16,6,11,.545,4,7,.571,2,4,.500,.727,3,4,.750,1,3,4,4,1,0,1,1,19,17.3,33,Derrick White
421,3,2024-10-26,BOS,@,DET,"W, 124-118",*,39:22,6,14,.429,0,6,.000,6,8,.750,.429,5,5,1.000,2,4,6,3,0,3,1,2,17,14.6,7,Derrick White
422,4,2024-10-28,BOS,,MIL,"W, 119-108",*,33:34,5,13,.385,3,10,.300,2,3,.667,.500,0,0,,0,3,3,8,1,1,0,2,13,13.3,10,Derrick White
423,5,2024-10-30,BOS,@,IND,"L, 132-135 (OT)",*,37:05,8,9,.889,5,5,1.000,3,4,.750,1.167,2,2,1.000,1,2,3,1,1,1,2,4,23,20.0,-7,Derrick White
Gcar,Gtm,Date,Team,,Opp,Result,GS,MP,FG,FGA,FG%,3P,3PA,3P%,2P,2PA,2P%,eFG%,FT,FTA,FT%,ORB,DRB,TRB,AST,STL,BLK,TOV,PF,PTS,GmSc,+/-,Derrick White
424,6,2024-11-01,BOS,@,CHO,"W, 124-109",*,35:05,6,16,.375,3,10,.300,3,6,.500,.469,2,2,1.000,0,2,2,5,1,1,0,4,17,12.4,20,Derrick White
425,7,2024-11-02,BOS,@,CHO,"W, 113-103",*,33:43,5,17,.294,4,13,.308,1,4,.250,.412,4,4,1.000,1,7,8,2,1,2,3,2,18,10.9,8,Derrick White
426,8,2024-11-04,BOS,@,ATL,"W, 123-93",*,29:19,8,16,.500,4,9,.444,4,7,.571,.625,1,2,.500,2,4,6,6,2,1,3,3,21,17.9,31,Derrick White
427,9,2024-11-06,BOS,,GSW,"L, 112-118",*,36:18,8,19,.421,7,16,.438,1,3,.333,.605,3,3,1.000,1,5,6,3,2,0,1,5,26,19.2,-11,Derrick White
428,10,2024-11-08,BOS,,BRK,"W, 108-104 (OT)",*,42:31,5,11,.455,1,6,.167,4,5,.800,.500,3,4,.750,1,2,3,6,0,3,3,3,14,11.3,-3,Derrick White
429,11,2024-11-10,BOS,@,MIL,"W, 113-107",*,36:08,6,12,.500,3,6,.500,3,6,.500,.625,0,0,,2,4,6,6,1,1,0,2,15,16.7,4,Derrick White
430,12,2024-11-12,BOS,,ATL,"L, 116-117",*,37:52,10,15,.667,7,12,.583,3,3,1.000,.900,4,5,.800,1,5,6,5,1,0,3,2,31,27.0,5,Derrick White
431,13,2024-11-13,BOS,@,BRK,"W, 139-114",*,22:01,3,11,.273,3,9,.333,0,2,.000,.409,0,0,,2,0,2,3,0,1,3,3,9,2.5,13,Derrick White
432,14,2024-11-16,BOS,,TOR,"W, 126-123 (OT)",*,41:14,7,20,.350,3,12,.250,4,8,.500,.425,1,2,.500,2,3,5,4,0,2,1,1,18,11.5,1,Derrick White
433,15,2024-11-19,BOS,,CLE,"W, 120-117",*,42:21,7,12,.583,4,7,.571,3,5,.600,.750,1,1,1.000,2,4,6,5,0,1,1,1,19,18.8,17,Derrick White
434,16,2024-11-22,BOS,@,WAS,"W, 108-96",*,36:29,4,11,.364,2,8,.250,2,3,.667,.455,0,0,,0,2,2,3,0,1,2,2,10,4.5,3,Derrick White
435,17,2024-11-24,BOS,,MIN,"W, 107-105",*,37:56,7,12,.583,4,9,.444,3,3,1.000,.750,1,2,.500,2,7,9,5,1,2,2,2,19,19.6,8,Derrick White
436,18,2024-11-25,BOS,,LAC,"W, 126-94",*,31:07,6,12,.500,5,9,.556,1,3,.333,.708,2,2,1.000,2,2,4,7,1,0,1,4,19,18.3,12,Derrick White
437,19,2024-11-29,BOS,@,CHI,"W, 138-129",*,24:02,6,10,.600,4,8,.500,2,2,1.000,.800,0,0,,1,5,6,4,1,0,0,1,16,17.0,-5,Derrick White
Gcar,Gtm,Date,Team,,Opp,Result,GS,MP,FG,FGA,FG%,3P,3PA,3P%,2P,2PA,2P%,eFG%,FT,FTA,FT%,ORB,DRB,TRB,AST,STL,BLK,TOV,PF,PTS,GmSc,+/-,Derrick White
,20,2024-12-01,BOS,@,CLE,"L, 111-115",Inactive,,,,,,,,,,,,,,,,,,,,,,,,,,Derrick White
438,21,2024-12-02,BOS,,MIA,"W, 108-89",*,31:21,7,14,.500,5,12,.417,2,2,1.000,.679,0,0,,2,4,6,8,0,0,2,4,19,16.6,21,Derrick White
439,22,2024-12-04,BOS,,DET,"W, 130-120",*,37:38,4,15,.267,3,11,.273,1,4,.250,.367,3,4,.750,1,3,4,11,2,2,0,3,14,16.2,5,Derrick White
440,23,2024-12-06,BOS,,MIL,"W, 111-105",*,37:29,1,10,.100,0,8,.000,1,2,.500,.100,4,4,1.000,1,5,6,7,3,0,2,0,6,7.5,12,Derrick White
441,24,2024-12-07,BOS,,MEM,"L, 121-127",*,37:53,3,9,.333,2,7,.286,1,2,.500,.444,2,2,1.000,1,5,6,3,3,2,3,0,10,10.6,-11,Derrick White
442,25,2024-12-12,BOS,,DET,"W, 123-99",*,30:35,7,13,.538,7,12,.583,0,1,.000,.808,2,2,1.000,1,1,2,4,2,1,2,0,23,21.2,14,Derrick White
443,26,2024-12-15,BOS,@,WAS,"W, 112-98",*,35:27,5,10,.500,3,7,.429,2,3,.667,.650,2,4,.500,0,5,5,5,2,2,1,3,15,15.4,18,Derrick White
444,27,2024-12-19,BOS,,CHI,"L, 108-117",*,35:31,5,14,.357,3,12,.250,2,2,1.000,.464,3,3,1.000,1,7,8,4,1,2,0,1,16,15.8,-9,Derrick White
445,28,2024-12-21,BOS,@,CHI,"W, 123-98",*,25:34,3,12,.250,0,6,.000,3,6,.500,.250,2,2,1.000,0,4,4,1,0,1,3,0,8,0.4,6,Derrick White
446,29,2024-12-23,BOS,@,ORL,"L, 104-108",*,40:26,5,12,.417,3,7,.429,2,5,.400,.542,4,5,.800,0,4,4,4,3,0,5,3,17,11.0,-5,Derrick White
447,30,2024-12-25,BOS,,PHI,"L, 114-118",*,32:55,8,15,.533,5,10,.500,3,5,.600,.700,0,0,,0,3,3,4,0,0,4,3,21,12.2,-5,Derrick White
448,31,2024-12-27,BOS,,IND,"W, 142-105",*,29:57,3,8,.375,3,8,.375,0,0,,.563,0,0,,0,3,3,6,0,2,2,1,9,8.7,24,Derrick White
449,32,2024-12-29,BOS,,IND,"L, 114-123",*,38:49,7,15,.467,3,11,.273,4,4,1.000,.567,0,0,,1,2,3,3,0,1,1,4,17,10.8,-20,Derrick White
450,33,2024-12-31,BOS,,TOR,"W, 125-71",*,27:22,6,8,.750,3,3,1.000,3,5,.600,.938,1,2,.500,0,4,4,3,1,4,2,2,16,16.7,29,Derrick White
Gcar,Gtm,Date,Team,,Opp,Result,GS,MP,FG,FGA,FG%,3P,3PA,3P%,2P,2PA,2P%,eFG%,FT,FTA,FT%,ORB,DRB,TRB,AST,STL,BLK,TOV,PF,PTS,GmSc,+/-,Derrick White
451,34,2025-01-02,BOS,@,MIN,"W, 118-115",*,36:51,10,20,.500,5,10,.500,5,10,.500,.625,1,1,1.000,0,2,2,2,0,2,0,2,26,18.6,3,Derrick White
452,35,2025-01-03,BOS,@,HOU,"W, 109-86",*,34:46,8,16,.500,6,12,.500,2,4,.500,.688,1,2,.500,2,2,4,2,0,2,3,0,23,16.4,27,Derrick White
453,36,2025-01-05,BOS,@,OKC,"L, 92-105",*,37:15,4,13,.308,2,11,.182,2,2,1.000,.385,1,2,.500,0,4,4,4,1,3,3,1,11,6.8,-8,Derrick White
,37,2025-01-07,BOS,@,DEN,"W, 118-106",Not With Team,,,,,,,,,,,,,,,,,,,,,,,,,,Derrick White
454,38,2025-01-10,BOS,,SAC,"L, 97-114",*,27:21,1,8,.125,0,6,.000,1,2,.500,.125,1,1,1.000,0,1,1,3,1,2,0,1,3,2.2,-9,Derrick White
455,39,2025-01-12,BOS,,NOP,"W, 120-119",*,30:18,1,6,.167,0,5,.000,1,1,1.000,.167,4,4,1.000,2,2,4,2,3,1,2,3,6,6.1,-1,Derrick White
456,40,2025-01-15,BOS,@,TOR,"L, 97-110",*,21:15,2,9,.222,1,7,.143,1,2,.500,.278,1,2,.500,0,0,0,1,0,0,2,1,6,-1.6,-29,Derrick White
457,41,2025-01-17,BOS,,ORL,"W, 121-94",*,30:44,5,12,.417,2,7,.286,3,5,.600,.500,0,0,,1,2,3,2,0,1,1,0,12,8.0,21,Derrick White
458,42,2025-01-18,BOS,,ATL,"L, 115-119 (OT)",*,43:17,7,20,.350,5,16,.313,2,4,.500,.475,2,2,1.000,1,7,8,2,0,1,1,3,21,12.5,5,Derrick White
459,43,2025-01-20,BOS,@,GSW,"W, 125-85",*,25:47,3,5,.600,2,4,.500,1,1,1.000,.800,0,0,,0,5,5,5,1,3,2,1,8,11.4,23,Derrick White
460,44,2025-01-22,BOS,@,LAC,"W, 117-113 (OT)",*,42:28,7,17,.412,4,12,.333,3,5,.600,.529,2,2,1.000,2,4,6,4,1,0,3,1,20,13.9,8,Derrick White
461,45,2025-01-23,BOS,@,LAL,"L, 96-117",*,19:26,1,5,.200,1,3,.333,0,2,.000,.300,0,0,,3,0,3,3,0,1,1,1,3,3.4,-1,Derrick White
462,46,2025-01-25,BOS,@,DAL,"W, 122-107",*,36:25,7,16,.438,4,10,.400,3,6,.500,.563,5,6,.833,2,2,4,4,0,0,0,4,23,17.4,7,Derrick White
,47,2025-01-27,BOS,,HOU,"L, 112-114",Inactive,,,,,,,,,,,,,,,,,,,,,,,,,,Derrick White
463,48,2025-01-29,BOS,,CHI,"W, 122-100",*,39:49,7,14,.500,4,10,.400,3,4,.750,.643,4,4,1.000,0,1,1,5,0,1,0,1,22,19.1,19,Derrick White
464,49,2025-01-31,BOS,@,NOP,"W, 118-116",*,33:48,5,9,.556,3,6,.500,2,3,.667,.722,3,4,.750,0,4,4,3,2,0,1,2,16,14.8,2,Derrick White
Gcar,Gtm,Date,Team,,Opp,Result,GS,MP,FG,FGA,FG%,3P,3PA,3P%,2P,2PA,2P%,eFG%,FT,FTA,FT%,ORB,DRB,TRB,AST,STL,BLK,TOV,PF,PTS,GmSc,+/-,Derrick White
465,50,2025-02-02,BOS,@,PHI,"W, 118-110",*,33:47,6,11,.545,5,9,.556,1,2,.500,.773,0,0,,0,1,1,9,0,1,2,1,17,16.6,2,Derrick White
466,51,2025-02-04,BOS,@,CLE,"W, 112-105",*,35:07,7,14,.500,6,12,.500,1,2,.500,.714,0,2,.000,2,3,5,2,2,1,0,0,20,18.6,-11,Derrick White
467,52,2025-02-06,BOS,,DAL,"L, 120-127",*,25:48,5,10,.500,2,6,.333,3,4,.750,.600,1,1,1.000,0,3,3,3,0,1,1,2,13,9.9,-7,Derrick White
468,53,2025-02-08,BOS,@,NYK,"W, 131-104",*,25:15,5,9,.556,4,7,.571,1,2,.500,.778,3,3,1.000,0,3,3,4,0,1,1,1,17,15.7,21,Derrick White
469,54,2025-02-10,BOS,@,MIA,"W, 103-85",*,37:49,3,10,.300,2,8,.250,1,2,.500,.400,5,5,1.000,1,3,4,7,0,0,2,1,13,11.3,13,Derrick White
470,55,2025-02-12,BOS,,SAS,"W, 116-103",*,39:22,7,16,.438,3,11,.273,4,5,.800,.531,2,2,1.000,1,6,7,9,1,0,6,1,19,14.0,11,Derrick White
471,56,2025-02-20,BOS,@,PHI,"W, 124-104",*,25:57,5,10,.500,3,7,.429,2,3,.667,.650,3,3,1.000,0,10,10,2,0,0,1,1,16,14.0,14,Derrick White
472,57,2025-02-23,BOS,,NYK,"W, 118-105",*,36:48,7,10,.700,5,6,.833,2,4,.500,.950,0,0,,2,7,9,7,1,0,2,1,19,21.8,19,Derrick White
473,58,2025-02-25,BOS,@,TOR,"W, 111-101",*,37:52,7,15,.467,6,11,.545,1,4,.250,.667,2,2,1.000,0,3,3,5,3,2,2,2,22,20.3,5,Derrick White
474,59,2025-02-26,BOS,@,DET,"L, 97-117",*,31:17,6,12,.500,5,10,.500,1,2,.500,.708,1,2,.500,1,2,3,3,0,0,2,2,18,12.2,-11,Derrick White
475,60,2025-02-28,BOS,,CLE,"L, 116-123",*,41:06,5,12,.417,4,10,.400,1,2,.500,.583,2,2,1.000,0,1,1,5,3,0,1,3,16,14.2,-2,Derrick White
Gcar,Gtm,Date,Team,,Opp,Result,GS,MP,FG,FGA,FG%,3P,3PA,3P%,2P,2PA,2P%,eFG%,FT,FTA,FT%,ORB,DRB,TRB,AST,STL,BLK,TOV,PF,PTS,GmSc,+/-,Derrick White
476,61,2025-03-02,BOS,,DEN,"W, 110-103",*,33:17,6,13,.462,5,11,.455,1,2,.500,.654,0,0,,1,2,3,2,2,0,0,2,17,14.2,6,Derrick White
477,62,2025-03-05,BOS,,POR,"W, 128-118",*,39:12,14,26,.538,9,17,.529,5,9,.556,.712,4,4,1.000,0,3,3,2,3,1,1,0,41,33.4,8,Derrick White
478,63,2025-03-06,BOS,,PHI,"W, 123-105",*,24:11,4,14,.286,2,10,.200,2,4,.500,.357,2,2,1.000,0,3,3,6,0,0,0,2,12,8.1,9,Derrick White
479,64,2025-03-08,BOS,,LAL,"W, 111-101",*,36:09,3,7,.429,1,5,.200,2,2,1.000,.500,3,3,1.000,1,4,5,7,1,1,2,0,10,12.8,17,Derrick White
480,65,2025-03-10,BOS,,UTA,"W, 114-108",*,36:16,6,16,.375,3,11,.273,3,5,.600,.469,3,3,1.000,0,5,5,10,0,3,1,2,18,18.0,3,Derrick White
481,66,2025-03-12,BOS,,OKC,"L, 112-118",*,37:19,7,14,.500,6,12,.500,1,2,.500,.714,2,3,.667,2,6,8,5,2,3,3,6,22,20.0,-13,Derrick White
482,67,2025-03-14,BOS,@,MIA,"W, 103-91",*,36:39,7,18,.389,3,11,.273,4,7,.571,.472,1,2,.500,1,4,5,4,2,0,2,0,18,12.5,12,Derrick White
,68,2025-03-15,BOS,@,BRK,"W, 115-113",Inactive,,,,,,,,,,,,,,,,,,,,,,,,,,Derrick White
483,69,2025-03-18,BOS,,BRK,"W, 104-96",*,33:24,6,19,.316,3,11,.273,3,8,.375,.395,3,3,1.000,0,5,5,4,0,1,4,3,18,6.9,2,Derrick White
484,70,2025-03-21,BOS,@,UTA,"W, 121-99",*,31:48,3,8,.375,2,7,.286,1,1,1.000,.500,3,4,.750,0,5,5,4,3,1,1,4,11,11.6,7,Derrick White
485,71,2025-03-23,BOS,@,POR,"W, 129-116",*,36:55,6,12,.500,4,10,.400,2,2,1.000,.667,1,2,.500,1,2,3,8,2,1,3,0,17,17.2,11,Derrick White
486,72,2025-03-24,BOS,@,SAC,"W, 113-95",*,32:33,4,9,.444,3,8,.375,1,1,1.000,.611,1,2,.500,0,5,5,8,2,0,1,4,12,13.4,5,Derrick White
487,73,2025-03-26,BOS,@,PHO,"W, 132-102",*,31:13,5,11,.455,4,10,.400,1,1,1.000,.636,2,2,1.000,0,4,4,7,0,0,2,4,16,12.8,34,Derrick White
488,74,2025-03-29,BOS,@,SAS,"W, 121-111",*,40:01,4,13,.308,3,12,.250,1,1,1.000,.423,2,3,.667,1,7,8,6,0,1,2,1,13,10.4,10,Derrick White
489,75,2025-03-31,BOS,@,MEM,"W, 117-103",*,35:43,4,13,.308,3,11,.273,1,2,.500,.423,3,3,1.000,1,7,8,10,0,2,1,2,14,15.9,19,Derrick White
Gcar,Gtm,Date,Team,,Opp,Result,GS,MP,FG,FGA,FG%,3P,3PA,3P%,2P,2PA,2P%,eFG%,FT,FTA,FT%,ORB,DRB,TRB,AST,STL,BLK,TOV,PF,PTS,GmSc,+/-,Derrick White
490,76,2025-04-02,BOS,,MIA,"L, 103-124",*,31:07,5,11,.455,2,7,.286,3,4,.750,.545,4,5,.800,2,2,4,6,1,2,4,0,16,14.5,-13,Derrick White
491,77,2025-04-04,BOS,,PHO,"W, 123-103",*,32:35,4,9,.444,4,8,.500,0,1,.000,.667,0,0,,1,8,9,7,0,0,2,1,12,12.9,28,Derrick White
492,78,2025-04-06,BOS,,WAS,"W, 124-90",*,25:45,7,12,.583,5,9,.556,2,3,.667,.792,0,0,,0,1,1,4,1,0,3,1,19,14.1,14,Derrick White
493,79,2025-04-08,BOS,@,NYK,"W, 119-117 (OT)",*,42:45,5,14,.357,4,12,.333,1,2,.500,.500,0,0,,4,4,8,9,1,0,3,1,14,14.1,-1,Derrick White
,80,2025-04-09,BOS,@,ORL,"L, 76-96",Did Not Dress,,,,,,,,,,,,,,,,,,,,,,,,,,Derrick White
494,81,2025-04-11,BOS,,CHO,"W, 130-94",*,34:05,8,12,.667,3,7,.429,5,5,1.000,.792,0,0,,1,2,3,7,1,4,3,0,19,20.8,15,Derrick White
,82,2025-04-13,BOS,,CHO,"W, 93-86",Inactive,,,,,,,,,,,,,,,,,,,,,,,,,,Derrick White
976,1,2024-10-22,BOS,,NYK,"W, 132-109",*,30:31,7,9,.778,4,6,.667,3,3,1.000,1.000,0,0,,2,2,4,4,1,0,0,2,18,19.5,23,Jrue Holiday
977,2,2024-10-24,BOS,@,WAS,"W, 122-102",*,22:45,1,4,.250,0,1,.000,1,3,.333,.250,5,5,1.000,0,2,2,1,0,0,2,3,7,2.7,14,Jrue Holiday
978,3,2024-10-26,BOS,@,DET,"W, 124-118",*,35:39,2,5,.400,2,3,.667,0,2,.000,.600,1,2,.500,1,2,3,4,0,1,3,2,7,4.9,-2,Jrue Holiday
979,4,2024-10-28,BOS,,MIL,"W, 119-108",*,32:43,7,12,.583,4,7,.571,3,5,.600,.750,3,3,1.000,0,4,4,3,0,0,1,2,21,16.9,6,Jrue Holiday
980,5,2024-10-30,BOS,@,IND,"L, 132-135 (OT)",*,24:40,3,9,.333,1,3,.333,2,6,.333,.389,1,2,.500,1,2,3,4,0,0,3,2,8,2.8,-19,Jrue Holiday
Gcar,Gtm,Date,Team,,Opp,Result,GS,MP,FG,FGA,FG%,3P,3PA,3P%,2P,2PA,2P%,eFG%,FT,FTA,FT%,ORB,DRB,TRB,AST,STL,BLK,TOV,PF,PTS,GmSc,+/-,Jrue Holiday
981,6,2024-11-01,BOS,@,CHO,"W, 124-109",*,31:57,5,12,.417,3,6,.500,2,6,.333,.542,1,2,.500,0,5,5,1,1,0,0,2,14,9.6,6,Jrue Holiday
982,7,2024-11-02,BOS,@,CHO,"W, 113-103",*,35:19,5,12,.417,3,7,.429,2,5,.400,.542,0,0,,0,5,5,6,0,0,3,0,13,9.3,11,Jrue Holiday
983,8,2024-11-04,BOS,@,ATL,"W, 123-93",*,23:30,7,11,.636,2,6,.333,5,5,1.000,.727,0,0,,0,3,3,2,0,1,1,0,16,13.1,20,Jrue Holiday
984,9,2024-11-06,BOS,,GSW,"L, 112-118",*,32:34,3,11,.273,0,6,.000,3,5,.600,.273,0,0,,1,8,9,8,0,0,1,1,6,6.8,-11,Jrue Holiday
985,10,2024-11-08,BOS,,BRK,"W, 108-104 (OT)",*,36:56,8,14,.571,0,4,.000,8,10,.800,.571,1,1,1.000,0,2,2,5,0,0,3,0,17,11.5,3,Jrue Holiday
986,11,2024-11-10,BOS,@,MIL,"W, 113-107",*,32:44,5,11,.455,3,8,.375,2,3,.667,.591,2,2,1.000,2,0,2,3,2,0,0,2,15,14.0,15,Jrue Holiday
987,12,2024-11-12,BOS,,ATL,"L, 116-117",*,29:00,2,5,.400,0,3,.000,2,2,1.000,.400,4,4,1.000,1,2,3,7,0,0,2,0,8,9.5,3,Jrue Holiday
988,13,2024-11-13,BOS,@,BRK,"W, 139-114",*,31:33,6,11,.545,2,6,.333,4,5,.800,.636,2,2,1.000,3,3,6,4,3,1,2,0,16,18.2,18,Jrue Holiday
,14,2024-11-16,BOS,,TOR,"W, 126-123 (OT)",Did Not Dress,,,,,,,,,,,,,,,,,,,,,,,,,,Jrue Holiday
989,15,2024-11-19,BOS,,CLE,"W, 120-117",*,27:56,4,7,.571,3,4,.750,1,3,.333,.786,0,0,,1,4,5,4,0,0,1,2,11,10.6,3,Jrue Holiday
990,16,2024-11-22,BOS,@,WAS,"W, 108-96",*,28:57,3,6,.500,2,5,.400,1,1,1.000,.667,8,8,1.000,1,4,5,1,4,1,2,2,16,17.5,10,Jrue Holiday
991,17,2024-11-24,BOS,,MIN,"W, 107-105",*,36:31,3,10,.300,1,6,.167,2,4,.500,.350,2,2,1.000,1,3,4,3,1,1,1,2,9,6.8,-4,Jrue Holiday
992,18,2024-11-25,BOS,,LAC,"W, 126-94",*,29:03,2,10,.200,1,8,.125,1,2,.500,.250,0,0,,1,3,4,6,0,0,1,1,5,3.2,13,Jrue Holiday
993,19,2024-11-29,BOS,@,CHI,"W, 138-129",*,35:43,5,11,.455,1,4,.250,4,7,.571,.500,0,0,,3,5,8,4,1,1,2,2,11,10.6,6,Jrue Holiday
Gcar,Gtm,Date,Team,,Opp,Result,GS,MP,FG,FGA,FG%,3P,3PA,3P%,2P,2PA,2P%,eFG%,FT,FTA,FT%,ORB,DRB,TRB,AST,STL,BLK,TOV,PF,PTS,GmSc,+/-,Jrue Holiday
994,20,2024-12-01,BOS,@,CLE,"L, 111-115",*,33:53,2,9,.222,0,3,.000,2,6,.333,.222,0,0,,2,1,3,5,2,0,3,1,4,2.3,-11,Jrue Holiday
,21,2024-12-02,BOS,,MIA,"W, 108-89",Inactive,,,,,,,,,,,,,,,,,,,,,,,,,,Jrue Holiday
,22,2024-12-04,BOS,,DET,"W, 130-120",Inactive,,,,,,,,,,,,,,,,,,,,,,,,,,Jrue Holiday
995,23,2024-12-06,BOS,,MIL,"W, 111-105",*,34:06,7,14,.500,4,9,.444,3,5,.600,.643,2,2,1.000,1,4,5,6,1,1,0,4,20,19.2,4,Jrue Holiday
996,24,2024-12-07,BOS,,MEM,"L, 121-127",*,30:05,8,26,.308,4,17,.235,4,9,.444,.385,3,4,.750,3,1,4,3,0,1,0,1,23,12.4,-12,Jrue Holiday
997,25,2024-12-12,BOS,,DET,"W, 123-99",*,25:00,4,8,.500,2,4,.500,2,4,.500,.625,2,2,1.000,2,5,7,6,0,0,1,1,12,13.7,17,Jrue Holiday
998,26,2024-12-15,BOS,@,WAS,"W, 112-98",*,23:46,4,7,.571,1,3,.333,3,4,.750,.643,3,4,.750,0,1,1,1,1,0,2,0,12,8.3,-2,Jrue Holiday
999,27,2024-12-19,BOS,,CHI,"L, 108-117",*,29:07,3,8,.375,0,4,.000,3,4,.750,.375,0,0,,0,1,1,4,1,1,0,1,6,6.0,1,Jrue Holiday
1000,28,2024-12-21,BOS,@,CHI,"W, 123-98",*,29:01,3,5,.600,1,3,.333,2,2,1.000,.700,0,0,,2,4,6,1,2,0,0,3,7,8.8,14,Jrue Holiday
1001,29,2024-12-23,BOS,@,ORL,"L, 104-108",*,33:06,7,12,.583,2,5,.400,5,7,.714,.667,0,0,,1,7,8,0,3,2,5,2,16,11.8,-4,Jrue Holiday
,30,2024-12-25,BOS,,PHI,"L, 114-118",Inactive,,,,,,,,,,,,,,,,,,,,,,,,,,Jrue Holiday
,31,2024-12-27,BOS,,IND,"W, 142-105",Did Not Dress,,,,,,,,,,,,,,,,,,,,,,,,,,Jrue Holiday
,32,2024-12-29,BOS,,IND,"L, 114-123",Did Not Dress,,,,,,,,,,,,,,,,,,,,,,,,,,Jrue Holiday
1002,33,2024-12-31,BOS,,TOR,"W, 125-71",*,25:05,5,8,.625,4,5,.800,1,3,.333,.875,0,0,,1,0,1,4,3,0,0,0,14,16.9,25,Jrue Holiday
Gcar,Gtm,Date,Team,,Opp,Result,GS,MP,FG,FGA,FG%,3P,3PA,3P%,2P,2PA,2P%,eFG%,FT,FTA,FT%,ORB,DRB,TRB,AST,STL,BLK,TOV,PF,PTS,GmSc,+/-,Jrue Holiday
1003,34,2025-01-02,BOS,@,MIN,"W, 118-115",*,38:59,4,9,.444,3,7,.429,1,2,.500,.611,0,0,,2,1,3,8,2,0,0,4,11,14.0,1,Jrue Holiday
1004,35,2025-01-03,BOS,@,HOU,"W, 109-86",*,27:46,5,9,.556,2,5,.400,3,4,.750,.667,2,2,1.000,0,4,4,3,1,1,2,0,14,12.7,16,Jrue Holiday
1005,36,2025-01-05,BOS,@,OKC,"L, 92-105",*,33:49,1,6,.167,0,4,.000,1,2,.500,.167,0,0,,3,4,7,6,0,0,2,4,2,2.1,-11,Jrue Holiday
1006,37,2025-01-07,BOS,@,DEN,"W, 118-106",*,32:07,6,12,.500,3,7,.429,3,5,.600,.625,4,4,1.000,0,3,3,7,2,1,0,1,19,21.1,10,Jrue Holiday
1007,38,2025-01-10,BOS,,SAC,"L, 97-114",*,27:57,2,4,.500,1,2,.500,1,2,.500,.625,0,0,,0,5,5,2,1,1,1,1,5,6.2,-18,Jrue Holiday
1008,39,2025-01-12,BOS,,NOP,"W, 120-119",*,31:48,3,8,.375,1,4,.250,2,4,.500,.438,1,2,.500,2,2,4,6,1,1,1,1,8,9.7,-1,Jrue Holiday
1009,40,2025-01-15,BOS,@,TOR,"L, 97-110",*,31:15,5,11,.455,0,3,.000,5,8,.625,.455,2,2,1.000,3,3,6,2,1,0,1,2,12,9.9,-13,Jrue Holiday
1010,41,2025-01-17,BOS,,ORL,"W, 121-94",*,29:24,3,8,.375,3,6,.500,0,2,.000,.563,0,0,,2,4,6,4,1,0,0,1,9,10.6,20,Jrue Holiday
1011,42,2025-01-18,BOS,,ATL,"L, 115-119 (OT)",*,30:14,3,8,.375,2,5,.400,1,3,.333,.500,0,0,,1,5,6,1,1,1,3,3,8,4.0,-7,Jrue Holiday
1012,43,2025-01-20,BOS,@,GSW,"W, 125-85",*,27:04,4,5,.800,2,3,.667,2,2,1.000,1.000,0,0,,1,3,4,1,0,0,1,0,10,9.4,23,Jrue Holiday
,44,2025-01-22,BOS,@,LAC,"W, 117-113 (OT)",Did Not Dress,,,,,,,,,,,,,,,,,,,,,,,,,,Jrue Holiday
1013,45,2025-01-23,BOS,@,LAL,"L, 96-117",*,25:15,1,6,.167,1,3,.333,0,3,.000,.250,0,0,,0,3,3,1,1,0,2,2,3,-1.0,-8,Jrue Holiday
1014,46,2025-01-25,BOS,@,DAL,"W, 122-107",*,29:56,6,12,.500,5,10,.500,1,2,.500,.708,0,0,,1,2,3,4,1,1,0,1,17,16.4,4,Jrue Holiday
1015,47,2025-01-27,BOS,,HOU,"L, 112-114",*,31:28,3,9,.333,2,6,.333,1,3,.333,.444,0,0,,0,5,5,3,1,1,2,3,8,5.0,-12,Jrue Holiday
1016,48,2025-01-29,BOS,,CHI,"W, 122-100",*,22:31,3,9,.333,0,4,.000,3,5,.600,.333,0,0,,4,3,7,3,1,0,2,1,6,5.3,15,Jrue Holiday
1017,49,2025-01-31,BOS,@,NOP,"W, 118-116",*,29:33,2,5,.400,0,1,.000,2,4,.500,.400,0,0,,0,3,3,5,1,0,1,2,4,4.9,1,Jrue Holiday
Gcar,Gtm,Date,Team,,Opp,Result,GS,MP,FG,FGA,FG%,3P,3PA,3P%,2P,2PA,2P%,eFG%,FT,FTA,FT%,ORB,DRB,TRB,AST,STL,BLK,TOV,PF,PTS,GmSc,+/-,Jrue Holiday
1018,50,2025-02-02,BOS,@,PHI,"W, 118-110",*,33:55,3,8,.375,2,7,.286,1,1,1.000,.500,1,1,1.000,0,5,5,5,0,1,1,2,9,8.5,-10,Jrue Holiday
1019,51,2025-02-04,BOS,@,CLE,"W, 112-105",*,26:15,1,6,.167,0,2,.000,1,4,.250,.167,4,4,1.000,0,6,6,1,2,0,1,3,6,4.5,-10,Jrue Holiday
,52,2025-02-06,BOS,,DAL,"L, 120-127",Did Not Dress,,,,,,,,,,,,,,,,,,,,,,,,,,Jrue Holiday
,53,2025-02-08,BOS,@,NYK,"W, 131-104",Did Not Dress,,,,,,,,,,,,,,,,,,,,,,,,,,Jrue Holiday
,54,2025-02-10,BOS,@,MIA,"W, 103-85",Did Not Dress,,,,,,,,,,,,,,,,,,,,,,,,,,Jrue Holiday
,55,2025-02-12,BOS,,SAS,"W, 116-103",Did Not Dress,,,,,,,,,,,,,,,,,,,,,,,,,,Jrue Holiday
1020,56,2025-02-20,BOS,@,PHI,"W, 124-104",*,19:44,3,6,.500,2,3,.667,1,3,.333,.667,0,0,,0,1,1,2,0,0,0,3,8,5.5,8,Jrue Holiday
1021,57,2025-02-23,BOS,,NYK,"W, 118-105",*,31:52,6,9,.667,2,4,.500,4,5,.800,.778,0,0,,1,3,4,2,3,1,2,1,14,14.4,12,Jrue Holiday
,58,2025-02-25,BOS,@,TOR,"W, 111-101",Did Not Dress,,,,,,,,,,,,,,,,,,,,,,,,,,Jrue Holiday
1022,59,2025-02-26,BOS,@,DET,"L, 97-117",*,31:17,2,10,.200,0,5,.000,2,5,.400,.200,0,0,,0,2,2,6,0,0,3,2,4,-1.2,-11,Jrue Holiday
,60,2025-02-28,BOS,,CLE,"L, 116-123",Inactive,,,,,,,,,,,,,,,,,,,,,,,,,,Jrue Holiday
Gcar,Gtm,Date,Team,,Opp,Result,GS,MP,FG,FGA,FG%,3P,3PA,3P%,2P,2PA,2P%,eFG%,FT,FTA,FT%,ORB,DRB,TRB,AST,STL,BLK,TOV,PF,PTS,GmSc,+/-,Jrue Holiday
,61,2025-03-02,BOS,,DEN,"W, 110-103",Inactive,,,,,,,,,,,,,,,,,,,,,,,,,,Jrue Holiday
,62,2025-03-05,BOS,,POR,"W, 128-118",Inactive,,,,,,,,,,,,,,,,,,,,,,,,,,Jrue Holiday
,63,2025-03-06,BOS,,PHI,"W, 123-105",Inactive,,,,,,,,,,,,,,,,,,,,,,,,,,Jrue Holiday
1023,64,2025-03-08,BOS,,LAL,"W, 111-101",*,34:42,3,6,.500,1,3,.333,2,3,.667,.583,0,0,,4,1,5,1,0,0,2,2,7,5.0,9,Jrue Holiday
1024,65,2025-03-10,BOS,,UTA,"W, 114-108",*,31:40,4,9,.444,2,5,.400,2,4,.500,.556,0,0,,2,4,6,4,2,1,1,1,10,12.0,15,Jrue Holiday
1025,66,2025-03-12,BOS,,OKC,"L, 112-118",*,34:35,4,10,.400,1,7,.143,3,3,1.000,.450,0,0,,2,1,3,2,3,0,0,2,9,8.9,-14,Jrue Holiday
1026,67,2025-03-14,BOS,@,MIA,"W, 103-91",*,35:18,10,15,.667,5,8,.625,5,7,.714,.833,0,0,,1,3,4,3,1,2,1,2,25,22.8,12,Jrue Holiday
1027,68,2025-03-15,BOS,@,BRK,"W, 115-113",*,37:56,5,12,.417,1,5,.200,4,7,.571,.458,0,0,,4,1,5,12,2,2,2,4,11,15.9,6,Jrue Holiday
1028,69,2025-03-18,BOS,,BRK,"W, 104-96",*,37:53,5,14,.357,0,5,.000,5,9,.556,.357,2,2,1.000,1,5,6,8,3,1,2,2,12,12.9,13,Jrue Holiday
1029,70,2025-03-21,BOS,@,UTA,"W, 121-99",*,23:12,3,6,.500,0,1,.000,3,5,.600,.500,2,2,1.000,0,2,2,4,3,0,1,3,8,9.2,6,Jrue Holiday
,71,2025-03-23,BOS,@,POR,"W, 129-116",Inactive,,,,,,,,,,,,,,,,,,,,,,,,,,Jrue Holiday
1030,72,2025-03-24,BOS,@,SAC,"W, 113-95",*,31:08,2,11,.182,1,5,.200,1,6,.167,.227,0,0,,1,0,1,3,1,0,0,2,5,1.1,16,Jrue Holiday
1031,73,2025-03-26,BOS,@,PHO,"W, 132-102",*,29:30,6,10,.600,2,5,.400,4,5,.800,.700,2,2,1.000,0,2,2,3,1,0,0,1,16,14.7,28,Jrue Holiday
1032,74,2025-03-29,BOS,@,SAS,"W, 121-111",*,34:52,8,12,.667,5,7,.714,3,5,.600,.875,0,0,,1,5,6,6,0,0,0,2,21,21.4,14,Jrue Holiday
1033,75,2025-03-31,BOS,@,MEM,"W, 117-103",*,30:51,5,10,.500,4,6,.667,1,4,.250,.700,4,4,1.000,1,6,7,7,1,0,1,0,18,20.4,21,Jrue Holiday
Gcar,Gtm,Date,Team,,Opp,Result,GS,MP,FG,FGA,FG%,3P,3PA,3P%,2P,2PA,2P%,eFG%,FT,FTA,FT%,ORB,DRB,TRB,AST,STL,BLK,TOV,PF,PTS,GmSc,+/-,Jrue Holiday
,76,2025-04-02,BOS,,MIA,"L, 103-124",Inactive,,,,,,,,,,,,,,,,,,,,,,,,,,Jrue Holiday
1034,77,2025-04-04,BOS,,PHO,"W, 123-103",*,28:27,1,3,.333,0,1,.000,1,2,.500,.333,2,2,1.000,2,3,5,2,0,1,0,1,4,6.3,12,Jrue Holiday
1035,78,2025-04-06,BOS,,WAS,"W, 124-90",*,29:32,5,13,.385,3,5,.600,2,8,.250,.500,0,0,,5,2,7,5,0,0,1,1,13,12.1,22,Jrue Holiday
1036,79,2025-04-08,BOS,@,NYK,"W, 119-117 (OT)",*,37:16,5,9,.556,2,4,.500,3,5,.600,.667,4,5,.800,1,3,4,3,2,0,1,3,16,14.8,6,Jrue Holiday
,80,2025-04-09,BOS,@,ORL,"L, 76-96",Inactive,,,,,,,,,,,,,,,,,,,,,,,,,,Jrue Holiday
1037,81,2025-04-11,BOS,,CHO,"W, 130-94",*,25:47,1,6,.167,0,2,.000,1,4,.250,.167,0,0,,1,1,2,4,1,0,1,0,2,2.0,17,Jrue Holiday
,82,2025-04-13,BOS,,CHO,"W, 93-86",Did Not Dress,,,,,,,,,,,,,,,,,,,,,,,,,,Jrue Holiday
,1,2024-10-22,BOS,,NYK,"W, 132-109",Inactive,,,,,,,,,,,,,,,,,,,,,,,,,,Kristaps PorziÅÄ£is
,2,2024-10-24,BOS,@,WAS,"W, 122-102",Inactive,,,,,,,,,,,,,,,,,,,,,,,,,,Kristaps PorziÅÄ£is
,3,2024-10-26,BOS,@,DET,"W, 124-118",Inactive,,,,,,,,,,,,,,,,,,,,,,,,,,Kristaps PorziÅÄ£is
,4,2024-10-28,BOS,,MIL,"W, 119-108",Inactive,,,,,,,,,,,,,,,,,,,,,,,,,,Kristaps PorziÅÄ£is
,5,2024-10-30,BOS,@,IND,"L, 132-135 (OT)",Inactive,,,,,,,,,,,,,,,,,,,,,,,,,,Kristaps PorziÅÄ£is
Gcar,Gtm,Date,Team,,Opp,Result,GS,MP,FG,FGA,FG%,3P,3PA,3P%,2P,2PA,2P%,eFG%,FT,FTA,FT%,ORB,DRB,TRB,AST,STL,BLK,TOV,PF,PTS,GmSc,+/-,Kristaps PorziÅÄ£is
,6,2024-11-01,BOS,@,CHO,"W, 124-109",Inactive,,,,,,,,,,,,,,,,,,,,,,,,,,Kristaps PorziÅÄ£is
,7,2024-11-02,BOS,@,CHO,"W, 113-103",Inactive,,,,,,,,,,,,,,,,,,,,,,,,,,Kristaps PorziÅÄ£is
,8,2024-11-04,BOS,@,ATL,"W, 123-93",Inactive,,,,,,,,,,,,,,,,,,,,,,,,,,Kristaps PorziÅÄ£is
,9,2024-11-06,BOS,,GSW,"L, 112-118",Inactive,,,,,,,,,,,,,,,,,,,,,,,,,,Kristaps PorziÅÄ£is
,10,2024-11-08,BOS,,BRK,"W, 108-104 (OT)",Inactive,,,,,,,,,,,,,,,,,,,,,,,,,,Kristaps PorziÅÄ£is
,11,2024-11-10,BOS,@,MIL,"W, 113-107",Inactive,,,,,,,,,,,,,,,,,,,,,,,,,,Kristaps PorziÅÄ£is
,12,2024-11-12,BOS,,ATL,"L, 116-117",Inactive,,,,,,,,,,,,,,,,,,,,,,,,,,Kristaps PorziÅÄ£is
,13,2024-11-13,BOS,@,BRK,"W, 139-114",Inactive,,,,,,,,,,,,,,,,,,,,,,,,,,Kristaps PorziÅÄ£is
,14,2024-11-16,BOS,,TOR,"W, 126-123 (OT)",Did Not Dress,,,,,,,,,,,,,,,,,,,,,,,,,,Kristaps PorziÅÄ£is
,15,2024-11-19,BOS,,CLE,"W, 120-117",Inactive,,,,,,,,,,,,,,,,,,,,,,,,,,Kristaps PorziÅÄ£is
,16,2024-11-22,BOS,@,WAS,"W, 108-96",Did Not Dress,,,,,,,,,,,,,,,,,,,,,,,,,,Kristaps PorziÅÄ£is
,17,2024-11-24,BOS,,MIN,"W, 107-105",Did Not Dress,,,,,,,,,,,,,,,,,,,,,,,,,,Kristaps PorziÅÄ£is
460,18,2024-11-25,BOS,,LAC,"W, 126-94",*,22:36,6,12,.500,1,6,.167,5,6,.833,.542,3,4,.750,1,5,6,2,1,2,1,0,16,14.6,3,Kristaps PorziÅÄ£is
461,19,2024-11-29,BOS,@,CHI,"W, 138-129",*,25:10,7,11,.636,2,5,.400,5,6,.833,.727,5,7,.714,0,8,8,1,0,0,0,3,21,17.2,7,Kristaps PorziÅÄ£is
Gcar,Gtm,Date,Team,,Opp,Result,GS,MP,FG,FGA,FG%,3P,3PA,3P%,2P,2PA,2P%,eFG%,FT,FTA,FT%,ORB,DRB,TRB,AST,STL,BLK,TOV,PF,PTS,GmSc,+/-,Kristaps PorziÅÄ£is
462,20,2024-12-01,BOS,@,CLE,"L, 111-115",*,32:02,7,17,.412,3,7,.429,4,10,.400,.500,4,4,1.000,1,7,8,2,3,0,0,2,21,18.3,-5,Kristaps PorziÅÄ£is
,21,2024-12-02,BOS,,MIA,"W, 108-89",Did Not Dress,,,,,,,,,,,,,,,,,,,,,,,,,,Kristaps PorziÅÄ£is
463,22,2024-12-04,BOS,,DET,"W, 130-120",*,29:23,8,17,.471,3,7,.429,5,10,.500,.559,7,8,.875,4,5,9,2,0,2,2,3,26,20.8,16,Kristaps PorziÅÄ£is
,23,2024-12-06,BOS,,MIL,"W, 111-105",Inactive,,,,,,,,,,,,,,,,,,,,,,,,,,Kristaps PorziÅÄ£is
464,24,2024-12-07,BOS,,MEM,"L, 121-127",*,33:19,6,17,.353,3,10,.300,3,7,.429,.441,4,6,.667,4,4,8,2,1,3,1,5,19,14.2,2,Kristaps PorziÅÄ£is
465,25,2024-12-12,BOS,,DET,"W, 123-99",*,30:08,8,18,.444,2,7,.286,6,11,.545,.500,1,2,.500,0,8,8,2,1,2,1,0,19,14.4,23,Kristaps PorziÅÄ£is
466,26,2024-12-15,BOS,@,WAS,"W, 112-98",*,11:20,5,6,.833,1,2,.500,4,4,1.000,.917,0,0,,1,1,2,2,0,0,1,1,11,9.8,-2,Kristaps PorziÅÄ£is
467,27,2024-12-19,BOS,,CHI,"L, 108-117",*,35:41,7,17,.412,2,7,.286,5,10,.500,.471,4,4,1.000,2,6,8,0,0,3,0,2,20,15.4,-8,Kristaps PorziÅÄ£is
468,28,2024-12-21,BOS,@,CHI,"W, 123-98",*,29:38,8,15,.533,2,6,.333,6,9,.667,.600,4,4,1.000,1,6,7,2,2,2,1,4,22,19.4,14,Kristaps PorziÅÄ£is
469,29,2024-12-23,BOS,@,ORL,"L, 104-108",*,36:54,2,10,.200,0,4,.000,2,6,.333,.200,13,14,.929,1,3,4,0,0,2,1,3,17,11.2,-8,Kristaps PorziÅÄ£is
470,30,2024-12-25,BOS,,PHI,"L, 114-118",*,13:14,3,8,.375,3,6,.500,0,2,.000,.563,0,0,,0,2,2,3,0,0,0,1,9,6.9,-13,Kristaps PorziÅÄ£is
,31,2024-12-27,BOS,,IND,"W, 142-105",Inactive,,,,,,,,,,,,,,,,,,,,,,,,,,Kristaps PorziÅÄ£is
,32,2024-12-29,BOS,,IND,"L, 114-123",Inactive,,,,,,,,,,,,,,,,,,,,,,,,,,Kristaps PorziÅÄ£is
,33,2024-12-31,BOS,,TOR,"W, 125-71",Inactive,,,,,,,,,,,,,,,,,,,,,,,,,,Kristaps PorziÅÄ£is
Gcar,Gtm,Date,Team,,Opp,Result,GS,MP,FG,FGA,FG%,3P,3PA,3P%,2P,2PA,2P%,eFG%,FT,FTA,FT%,ORB,DRB,TRB,AST,STL,BLK,TOV,PF,PTS,GmSc,+/-,Kristaps PorziÅÄ£is
,34,2025-01-02,BOS,@,MIN,"W, 118-115",Inactive,,,,,,,,,,,,,,,,,,,,,,,,,,Kristaps PorziÅÄ£is
471,35,2025-01-03,BOS,@,HOU,"W, 109-86",*,27:36,3,8,.375,2,3,.667,1,5,.200,.500,3,4,.750,1,4,5,2,0,2,1,3,11,8.7,10,Kristaps PorziÅÄ£is
472,36,2025-01-05,BOS,@,OKC,"L, 92-105",*,29:18,6,12,.500,1,6,.167,5,6,.833,.542,6,6,1.000,4,5,9,1,1,0,4,5,19,13.0,-17,Kristaps PorziÅÄ£is
473,37,2025-01-07,BOS,@,DEN,"W, 118-106",*,34:06,9,18,.500,1,3,.333,8,15,.533,.528,6,8,.750,5,6,11,3,2,1,1,1,25,23.9,14,Kristaps PorziÅÄ£is
474,38,2025-01-10,BOS,,SAC,"L, 97-114",*,29:11,6,15,.400,4,7,.571,2,8,.250,.533,6,7,.857,1,9,10,0,0,2,0,2,22,17.5,-8,Kristaps PorziÅÄ£is
475,39,2025-01-12,BOS,,NOP,"W, 120-119",*,33:53,7,19,.368,3,9,.333,4,10,.400,.447,2,3,.667,6,5,11,1,0,3,1,2,19,14.8,-8,Kristaps PorziÅÄ£is
476,40,2025-01-15,BOS,@,TOR,"L, 97-110",*,34:46,7,11,.636,4,5,.800,3,6,.500,.818,0,2,.000,1,7,8,3,1,2,3,3,18,15.4,-17,Kristaps PorziÅÄ£is
477,41,2025-01-17,BOS,,ORL,"W, 121-94",*,23:03,7,10,.700,3,5,.600,4,5,.800,.850,6,6,1.000,1,3,4,1,0,1,0,5,23,19.8,14,Kristaps PorziÅÄ£is
,42,2025-01-18,BOS,,ATL,"L, 115-119 (OT)",Did Not Dress,,,,,,,,,,,,,,,,,,,,,,,,,,Kristaps PorziÅÄ£is
478,43,2025-01-20,BOS,@,GSW,"W, 125-85",*,22:21,6,13,.462,3,7,.429,3,6,.500,.577,3,3,1.000,0,7,7,2,1,0,0,2,18,15.0,20,Kristaps PorziÅÄ£is
,44,2025-01-22,BOS,@,LAC,"W, 117-113 (OT)",Did Not Dress,,,,,,,,,,,,,,,,,,,,,,,,,,Kristaps PorziÅÄ£is
479,45,2025-01-23,BOS,@,LAL,"L, 96-117",*,27:29,9,16,.563,2,5,.400,7,11,.636,.625,2,2,1.000,1,6,7,2,0,1,1,2,22,17.2,-11,Kristaps PorziÅÄ£is
480,46,2025-01-25,BOS,@,DAL,"W, 122-107",*,28:28,6,12,.500,3,5,.600,3,7,.429,.625,3,3,1.000,2,2,4,5,0,2,1,4,18,16.3,1,Kristaps PorziÅÄ£is
481,47,2025-01-27,BOS,,HOU,"L, 112-114",*,25:27,6,8,.750,3,4,.750,3,4,.750,.938,2,2,1.000,2,6,8,2,0,1,1,5,17,16.1,3,Kristaps PorziÅÄ£is
482,48,2025-01-29,BOS,,CHI,"W, 122-100",*,33:05,10,18,.556,8,14,.571,2,4,.500,.778,6,6,1.000,1,10,11,3,3,0,1,2,34,32.4,22,Kristaps PorziÅÄ£is
483,49,2025-01-31,BOS,@,NOP,"W, 118-116",*,30:27,5,12,.417,2,7,.286,3,5,.600,.500,4,8,.500,1,4,5,6,3,4,1,3,16,17.7,3,Kristaps PorziÅÄ£is
Gcar,Gtm,Date,Team,,Opp,Result,GS,MP,FG,FGA,FG%,3P,3PA,3P%,2P,2PA,2P%,eFG%,FT,FTA,FT%,ORB,DRB,TRB,AST,STL,BLK,TOV,PF,PTS,GmSc,+/-,Kristaps PorziÅÄ£is
484,50,2025-02-02,BOS,@,PHI,"W, 118-110",*,31:11,5,14,.357,3,7,.429,2,7,.286,.464,5,6,.833,1,6,7,3,0,5,0,5,18,15.9,-1,Kristaps PorziÅÄ£is
485,51,2025-02-04,BOS,@,CLE,"W, 112-105",*,34:39,7,20,.350,1,6,.167,6,14,.429,.375,4,4,1.000,1,6,7,2,2,2,2,4,19,11.5,-2,Kristaps PorziÅÄ£is
486,52,2025-02-06,BOS,,DAL,"L, 120-127",*,26:30,7,13,.538,1,3,.333,6,10,.600,.577,2,3,.667,1,4,5,1,0,2,2,4,17,10.7,-9,Kristaps PorziÅÄ£is
,53,2025-02-08,BOS,@,NYK,"W, 131-104",Did Not Dress,,,,,,,,,,,,,,,,,,,,,,,,,,Kristaps PorziÅÄ£is
487,54,2025-02-10,BOS,@,MIA,"W, 103-85",*,32:23,8,15,.533,1,6,.167,7,9,.778,.567,0,0,,0,9,9,2,0,2,1,2,17,13.4,19,Kristaps PorziÅÄ£is
488,55,2025-02-12,BOS,,SAS,"W, 116-103",*,37:25,10,16,.625,3,4,.750,7,12,.583,.719,6,9,.667,3,3,6,1,1,1,5,2,29,20.2,4,Kristaps PorziÅÄ£is
489,56,2025-02-20,BOS,@,PHI,"W, 124-104",*,25:22,5,11,.455,3,6,.500,2,5,.400,.591,4,5,.800,1,3,4,1,1,1,2,5,17,10.9,14,Kristaps PorziÅÄ£is
490,57,2025-02-23,BOS,,NYK,"W, 118-105",*,33:49,6,15,.400,2,9,.222,4,6,.667,.467,1,1,1.000,2,5,7,2,1,3,1,1,15,12.9,17,Kristaps PorziÅÄ£is
,58,2025-02-25,BOS,@,TOR,"W, 111-101",Did Not Play,,,,,,,,,,,,,,,,,,,,,,,,,,Kristaps PorziÅÄ£is
491,59,2025-02-26,BOS,@,DET,"L, 97-117",*,25:56,4,11,.364,2,3,.667,2,8,.250,.455,1,3,.333,0,2,2,1,3,0,2,5,11,4.4,-24,Kristaps PorziÅÄ£is
,60,2025-02-28,BOS,,CLE,"L, 116-123",Inactive,,,,,,,,,,,,,,,,,,,,,,,,,,Kristaps PorziÅÄ£is
Gcar,Gtm,Date,Team,,Opp,Result,GS,MP,FG,FGA,FG%,3P,3PA,3P%,2P,2PA,2P%,eFG%,FT,FTA,FT%,ORB,DRB,TRB,AST,STL,BLK,TOV,PF,PTS,GmSc,+/-,Kristaps PorziÅÄ£is
,61,2025-03-02,BOS,,DEN,"W, 110-103",Inactive,,,,,,,,,,,,,,,,,,,,,,,,,,Kristaps PorziÅÄ£is
,62,2025-03-05,BOS,,POR,"W, 128-118",Inactive,,,,,,,,,,,,,,,,,,,,,,,,,,Kristaps PorziÅÄ£is
,63,2025-03-06,BOS,,PHI,"W, 123-105",Inactive,,,,,,,,,,,,,,,,,,,,,,,,,,Kristaps PorziÅÄ£is
,64,2025-03-08,BOS,,LAL,"W, 111-101",Did Not Dress,,,,,,,,,,,,,,,,,,,,,,,,,,Kristaps PorziÅÄ£is
,65,2025-03-10,BOS,,UTA,"W, 114-108",Inactive,,,,,,,,,,,,,,,,,,,,,,,,,,Kristaps PorziÅÄ£is
,66,2025-03-12,BOS,,OKC,"L, 112-118",Inactive,,,,,,,,,,,,,,,,,,,,,,,,,,Kristaps PorziÅÄ£is
,67,2025-03-14,BOS,@,MIA,"W, 103-91",Inactive,,,,,,,,,,,,,,,,,,,,,,,,,,Kristaps PorziÅÄ£is
492,68,2025-03-15,BOS,@,BRK,"W, 115-113",*,31:37,9,16,.563,1,7,.143,8,9,.889,.594,5,6,.833,0,2,2,0,0,1,0,1,24,16.9,13,Kristaps PorziÅÄ£is
493,69,2025-03-18,BOS,,BRK,"W, 104-96",*,29:08,9,13,.692,1,4,.250,8,9,.889,.731,6,8,.750,2,11,13,3,1,3,4,0,25,24.6,12,Kristaps PorziÅÄ£is
494,70,2025-03-21,BOS,@,UTA,"W, 121-99",*,24:40,9,15,.600,3,5,.600,6,10,.600,.700,6,6,1.000,4,6,10,6,1,0,1,4,27,27.3,3,Kristaps PorziÅÄ£is
,71,2025-03-23,BOS,@,POR,"W, 129-116",Did Not Dress,,,,,,,,,,,,,,,,,,,,,,,,,,Kristaps PorziÅÄ£is
495,72,2025-03-24,BOS,@,SAC,"W, 113-95",*,30:37,5,13,.385,1,4,.250,4,9,.444,.423,5,6,.833,1,7,8,2,1,2,0,4,16,13.5,6,Kristaps PorziÅÄ£is
496,73,2025-03-26,BOS,@,PHO,"W, 132-102",*,28:49,10,15,.667,4,5,.800,6,10,.600,.800,6,8,.750,4,4,8,2,0,2,2,3,30,26.3,27,Kristaps PorziÅÄ£is
497,74,2025-03-29,BOS,@,SAS,"W, 121-111",*,25:17,4,11,.364,1,4,.250,3,7,.429,.409,2,2,1.000,3,5,8,1,0,2,3,5,11,5.6,-3,Kristaps PorziÅÄ£is
498,75,2025-03-31,BOS,@,MEM,"W, 117-103",*,33:44,7,14,.500,3,5,.600,4,9,.444,.607,2,3,.667,3,2,5,5,0,0,3,2,19,14.0,29,Kristaps PorziÅÄ£is
Gcar,Gtm,Date,Team,,Opp,Result,GS,MP,FG,FGA,FG%,3P,3PA,3P%,2P,2PA,2P%,eFG%,FT,FTA,FT%,ORB,DRB,TRB,AST,STL,BLK,TOV,PF,PTS,GmSc,+/-,Kristaps PorziÅÄ£is
,76,2025-04-02,BOS,,MIA,"L, 103-124",Inactive,,,,,,,,,,,,,,,,,,,,,,,,,,Kristaps PorziÅÄ£is
499,77,2025-04-04,BOS,,PHO,"W, 123-103",*,23:21,5,12,.417,2,5,.400,3,7,.429,.500,3,4,.750,0,4,4,1,0,1,0,3,15,9.6,16,Kristaps PorziÅÄ£is
,78,2025-04-06,BOS,,WAS,"W, 124-90",Did Not Dress,,,,,,,,,,,,,,,,,,,,,,,,,,Kristaps PorziÅÄ£is
500,79,2025-04-08,BOS,@,NYK,"W, 119-117 (OT)",*,38:42,11,19,.579,8,13,.615,3,6,.500,.789,4,6,.667,0,4,4,3,1,1,2,3,34,26.1,0,Kristaps PorziÅÄ£is
,80,2025-04-09,BOS,@,ORL,"L, 76-96",Inactive,,,,,,,,,,,,,,,,,,,,,,,,,,Kristaps PorziÅÄ£is
501,81,2025-04-11,BOS,,CHO,"W, 130-94",*,18:17,2,11,.182,2,7,.286,0,4,.000,.273,5,6,.833,1,4,5,2,0,0,0,0,11,7.0,-3,Kristaps PorziÅÄ£is
,82,2025-04-13,BOS,,CHO,"W, 93-86",Inactive,,,,,,,,,,,,,,,,,,,,,,,,,,Kristaps PorziÅÄ£is
268,1,2024-10-22,BOS,,NYK,"W, 132-109",,24:58,1,10,.100,1,9,.111,0,1,.000,.150,0,0,,1,3,4,4,0,0,1,2,3,-1.0,7,Payton Pritchard
269,2,2024-10-24,BOS,@,WAS,"W, 122-102",,27:57,5,11,.455,5,10,.500,0,1,.000,.682,0,0,,0,1,1,2,0,0,0,1,15,10.6,11,Payton Pritchard
270,3,2024-10-26,BOS,@,DET,"W, 124-118",,19:17,5,8,.625,5,7,.714,0,1,.000,.938,4,4,1.000,0,2,2,0,1,0,0,1,19,16.6,-5,Payton Pritchard
271,4,2024-10-28,BOS,,MIL,"W, 119-108",,27:41,10,14,.714,8,12,.667,2,2,1.000,1.000,0,0,,2,3,5,3,2,0,2,2,28,25.8,12,Payton Pritchard
272,5,2024-10-30,BOS,@,IND,"L, 132-135 (OT)",,38:34,5,14,.357,4,11,.364,1,3,.333,.500,2,2,1.000,2,2,4,4,1,0,1,2,16,12.2,8,Payton Pritchard
Gcar,Gtm,Date,Team,,Opp,Result,GS,MP,FG,FGA,FG%,3P,3PA,3P%,2P,2PA,2P%,eFG%,FT,FTA,FT%,ORB,DRB,TRB,AST,STL,BLK,TOV,PF,PTS,GmSc,+/-,Payton Pritchard
273,6,2024-11-01,BOS,@,CHO,"W, 124-109",,27:50,1,6,.167,0,5,.000,1,1,1.000,.167,5,6,.833,0,2,2,3,5,0,1,0,7,9.5,13,Payton Pritchard
274,7,2024-11-02,BOS,@,CHO,"W, 113-103",,29:06,8,15,.533,6,12,.500,2,3,.667,.733,0,0,,1,2,3,2,0,0,1,3,22,15.2,7,Payton Pritchard
275,8,2024-11-04,BOS,@,ATL,"W, 123-93",,25:29,7,12,.583,3,8,.375,4,4,1.000,.708,1,1,1.000,0,3,3,4,1,0,3,1,18,13.7,21,Payton Pritchard
276,9,2024-11-06,BOS,,GSW,"L, 112-118",,32:10,5,13,.385,3,11,.273,2,2,1.000,.500,3,3,1.000,2,1,3,3,0,0,2,4,16,9.1,-8,Payton Pritchard
277,10,2024-11-08,BOS,,BRK,"W, 108-104 (OT)",,33:38,6,11,.545,3,7,.429,3,4,.750,.682,5,5,1.000,0,1,1,0,1,0,1,2,20,14.2,11,Payton Pritchard
278,11,2024-11-10,BOS,@,MIL,"W, 113-107",,22:50,6,10,.600,5,8,.625,1,2,.500,.850,1,1,1.000,1,0,1,3,0,0,3,1,18,12.8,-8,Payton Pritchard
279,12,2024-11-12,BOS,,ATL,"L, 116-117",,25:17,2,8,.250,2,8,.250,0,0,,.375,0,0,,0,1,1,2,3,0,1,2,6,4.1,-9,Payton Pritchard
280,13,2024-11-13,BOS,@,BRK,"W, 139-114",,36:13,8,13,.615,5,9,.556,3,4,.750,.808,2,4,.500,2,4,6,8,2,1,1,3,23,25.0,14,Payton Pritchard
281,14,2024-11-16,BOS,,TOR,"W, 126-123 (OT)",,23:53,2,8,.250,2,7,.286,0,1,.000,.375,0,0,,0,0,0,1,0,0,0,2,6,1.1,6,Payton Pritchard
282,15,2024-11-19,BOS,,CLE,"W, 120-117",,25:43,5,9,.556,3,6,.500,2,3,.667,.722,0,0,,1,1,2,3,1,0,0,2,13,12.0,-14,Payton Pritchard
283,16,2024-11-22,BOS,@,WAS,"W, 108-96",,22:33,3,6,.500,1,3,.333,2,3,.667,.583,2,3,.667,1,1,2,4,1,0,0,2,9,9.6,0,Payton Pritchard
284,17,2024-11-24,BOS,,MIN,"W, 107-105",,22:21,3,7,.429,1,5,.200,2,2,1.000,.500,1,1,1.000,1,3,4,3,0,0,0,2,8,7.2,-3,Payton Pritchard
285,18,2024-11-25,BOS,,LAC,"W, 126-94",,25:46,7,13,.538,6,10,.600,1,3,.333,.769,0,0,,0,2,2,4,2,0,1,0,20,18.1,30,Payton Pritchard
286,19,2024-11-29,BOS,@,CHI,"W, 138-129",,28:31,10,16,.625,7,11,.636,3,5,.600,.844,2,2,1.000,4,3,7,1,1,0,0,1,29,26.8,11,Payton Pritchard
Gcar,Gtm,Date,Team,,Opp,Result,GS,MP,FG,FGA,FG%,3P,3PA,3P%,2P,2PA,2P%,eFG%,FT,FTA,FT%,ORB,DRB,TRB,AST,STL,BLK,TOV,PF,PTS,GmSc,+/-,Payton Pritchard
287,20,2024-12-01,BOS,@,CLE,"L, 111-115",,36:07,7,16,.438,3,10,.300,4,6,.667,.531,7,8,.875,1,6,7,3,0,1,1,2,24,18.7,-11,Payton Pritchard
288,21,2024-12-02,BOS,,MIA,"W, 108-89",,32:55,10,17,.588,5,12,.417,5,5,1.000,.735,0,0,,1,4,5,4,2,1,1,1,25,23.1,16,Payton Pritchard
289,22,2024-12-04,BOS,,DET,"W, 130-120",,34:22,7,15,.467,5,13,.385,2,2,1.000,.633,0,0,,4,1,5,4,1,0,4,3,19,13.0,-1,Payton Pritchard
290,23,2024-12-06,BOS,,MIL,"W, 111-105",,24:25,0,3,.000,0,2,.000,0,1,.000,.000,0,0,,1,2,3,2,0,0,0,1,0,0.2,-4,Payton Pritchard
291,24,2024-12-07,BOS,,MEM,"L, 121-127",,29:59,7,12,.583,6,11,.545,1,1,1.000,.833,2,4,.500,2,4,6,2,1,0,1,1,22,19.2,8,Payton Pritchard
292,25,2024-12-12,BOS,,DET,"W, 123-99",,31:00,10,20,.500,7,15,.467,3,5,.600,.675,0,0,,0,4,4,10,0,0,1,0,27,24.2,22,Payton Pritchard
293,26,2024-12-15,BOS,@,WAS,"W, 112-98",,36:50,5,12,.417,5,10,.500,0,2,.000,.625,0,0,,4,7,11,6,0,0,3,3,15,13.5,17,Payton Pritchard
294,27,2024-12-19,BOS,,CHI,"L, 108-117",,30:23,5,12,.417,4,10,.400,1,2,.500,.583,0,0,,4,2,6,3,1,0,0,1,14,13.7,-10,Payton Pritchard
295,28,2024-12-21,BOS,@,CHI,"W, 123-98",,31:40,2,7,.286,2,6,.333,0,1,.000,.429,0,0,,3,1,4,2,2,0,0,1,6,7.3,31,Payton Pritchard
296,29,2024-12-23,BOS,@,ORL,"L, 104-108",,21:06,3,7,.429,1,5,.200,2,2,1.000,.500,0,0,,1,2,3,1,0,0,2,1,7,2.9,-12,Payton Pritchard
297,30,2024-12-25,BOS,,PHI,"L, 114-118",,33:14,1,9,.111,0,8,.000,1,1,1.000,.111,2,2,1.000,2,1,3,5,0,0,1,2,4,1.5,-12,Payton Pritchard
298,31,2024-12-27,BOS,,IND,"W, 142-105",,31:37,7,16,.438,4,10,.400,3,6,.500,.563,0,0,,5,3,8,10,1,1,0,5,18,20.7,25,Payton Pritchard
299,32,2024-12-29,BOS,,IND,"L, 114-123",,27:42,7,13,.538,5,8,.625,2,5,.400,.731,2,2,1.000,1,3,4,3,0,0,2,2,21,15.6,-2,Payton Pritchard
300,33,2024-12-31,BOS,,TOR,"W, 125-71",,22:56,7,13,.538,5,8,.625,2,5,.400,.731,0,0,,1,5,6,4,3,0,2,1,19,18.3,36,Payton Pritchard
Gcar,Gtm,Date,Team,,Opp,Result,GS,MP,FG,FGA,FG%,3P,3PA,3P%,2P,2PA,2P%,eFG%,FT,FTA,FT%,ORB,DRB,TRB,AST,STL,BLK,TOV,PF,PTS,GmSc,+/-,Payton Pritchard
301,34,2025-01-02,BOS,@,MIN,"W, 118-115",,24:42,3,8,.375,2,6,.333,1,2,.500,.500,1,2,.500,1,1,2,4,1,0,0,1,9,8.6,5,Payton Pritchard
302,35,2025-01-03,BOS,@,HOU,"W, 109-86",,32:14,8,10,.800,4,6,.667,4,4,1.000,1.000,0,0,,1,3,4,2,0,1,0,1,20,19.5,21,Payton Pritchard
303,36,2025-01-05,BOS,@,OKC,"L, 92-105",,10:53,0,5,.000,0,3,.000,0,2,.000,.000,0,0,,1,0,1,1,0,0,0,1,0,-2.5,-3,Payton Pritchard
304,37,2025-01-07,BOS,@,DEN,"W, 118-106",,19:34,1,6,.167,1,5,.200,0,1,.000,.250,0,0,,2,1,3,4,1,0,2,0,3,2.7,-4,Payton Pritchard
305,38,2025-01-10,BOS,,SAC,"L, 97-114",,27:27,4,11,.364,1,7,.143,3,4,.750,.409,0,0,,1,1,2,2,1,0,1,3,9,4.1,-8,Payton Pritchard
306,39,2025-01-12,BOS,,NOP,"W, 120-119",,23:50,4,10,.400,3,8,.375,1,2,.500,.550,0,0,,0,1,1,4,0,0,0,1,11,8.3,12,Payton Pritchard
307,40,2025-01-15,BOS,@,TOR,"L, 97-110",,30:51,7,11,.636,4,8,.500,3,3,1.000,.818,2,3,.667,2,0,2,4,1,0,0,3,20,18.7,6,Payton Pritchard
308,41,2025-01-17,BOS,,ORL,"W, 121-94",,20:55,2,3,.667,0,0,,2,3,.667,.667,0,0,,2,0,2,3,0,0,4,3,4,1.0,4,Payton Pritchard
309,42,2025-01-18,BOS,,ATL,"L, 115-119 (OT)",,32:56,7,12,.583,4,8,.500,3,4,.750,.750,2,2,1.000,1,5,6,1,0,0,0,2,20,16.5,-6,Payton Pritchard
310,43,2025-01-20,BOS,@,GSW,"W, 125-85",,21:48,5,10,.500,2,6,.333,3,4,.750,.600,2,2,1.000,1,1,2,9,1,1,0,1,14,17.6,24,Payton Pritchard
311,44,2025-01-22,BOS,@,LAC,"W, 117-113 (OT)",,27:40,4,11,.364,1,7,.143,3,4,.750,.409,0,0,,2,2,4,3,0,0,3,0,9,4.0,10,Payton Pritchard
312,45,2025-01-23,BOS,@,LAL,"L, 96-117",,24:14,2,12,.167,1,5,.200,1,7,.143,.208,2,2,1.000,0,2,2,2,0,1,0,0,7,2.1,-17,Payton Pritchard
313,46,2025-01-25,BOS,@,DAL,"W, 122-107",,26:34,2,4,.500,2,4,.500,0,0,,.750,0,0,,3,6,9,4,1,0,0,2,6,10.9,21,Payton Pritchard
314,47,2025-01-27,BOS,,HOU,"L, 112-114",,30:36,5,7,.714,5,6,.833,0,1,.000,1.071,0,0,,0,4,4,3,1,0,0,1,15,16.0,-7,Payton Pritchard
315,48,2025-01-29,BOS,,CHI,"W, 122-100",,34:13,4,6,.667,2,3,.667,2,3,.667,.833,0,0,,0,2,2,7,2,1,1,1,10,14.2,13,Payton Pritchard
316,49,2025-01-31,BOS,@,NOP,"W, 118-116",,17:16,1,4,.250,1,3,.333,0,1,.000,.375,0,0,,0,1,1,0,3,1,1,1,3,3.2,0,Payton Pritchard
Gcar,Gtm,Date,Team,,Opp,Result,GS,MP,FG,FGA,FG%,3P,3PA,3P%,2P,2PA,2P%,eFG%,FT,FTA,FT%,ORB,DRB,TRB,AST,STL,BLK,TOV,PF,PTS,GmSc,+/-,Payton Pritchard
,50,2025-02-02,BOS,@,PHI,"W, 118-110",Not With Team,,,,,,,,,,,,,,,,,,,,,,,,,,Payton Pritchard
317,51,2025-02-04,BOS,@,CLE,"W, 112-105",,28:49,3,7,.429,3,7,.429,0,0,,.643,0,0,,3,3,6,3,1,0,2,2,9,8.6,19,Payton Pritchard
318,52,2025-02-06,BOS,,DAL,"L, 120-127",,32:52,9,15,.600,3,9,.333,6,6,1.000,.700,0,0,,1,5,6,6,0,1,2,4,21,17.6,-3,Payton Pritchard
319,53,2025-02-08,BOS,@,NYK,"W, 131-104",,27:24,9,13,.692,6,8,.750,3,5,.600,.923,1,2,.500,0,4,4,4,0,0,1,0,25,22.1,29,Payton Pritchard
320,54,2025-02-10,BOS,@,MIA,"W, 103-85",,36:26,2,9,.222,1,8,.125,1,1,1.000,.278,0,0,,0,10,10,8,2,0,0,1,5,9.7,17,Payton Pritchard
321,55,2025-02-12,BOS,,SAS,"W, 116-103",,31:24,4,12,.333,2,10,.200,2,2,1.000,.417,0,0,,4,3,7,3,0,0,1,3,10,6.8,12,Payton Pritchard
322,56,2025-02-20,BOS,@,PHI,"W, 124-104",,31:23,10,18,.556,8,15,.533,2,3,.667,.778,0,0,,0,0,0,4,0,0,1,0,28,21.2,8,Payton Pritchard
323,57,2025-02-23,BOS,,NYK,"W, 118-105",,16:41,1,5,.200,1,5,.200,0,0,,.300,0,0,,1,3,4,2,0,1,0,1,3,3.2,-12,Payton Pritchard
324,58,2025-02-25,BOS,@,TOR,"W, 111-101",,34:43,8,17,.471,4,13,.308,4,4,1.000,.588,0,0,,2,5,7,2,2,0,1,1,20,16.2,4,Payton Pritchard
325,59,2025-02-26,BOS,@,DET,"L, 97-117",,31:23,6,10,.600,5,8,.625,1,2,.500,.850,1,1,1.000,1,2,3,4,1,0,1,0,18,17.5,-5,Payton Pritchard
326,60,2025-02-28,BOS,,CLE,"L, 116-123",,25:24,2,4,.500,2,4,.500,0,0,,.750,0,0,,0,0,0,1,1,0,2,2,6,2.9,-36,Payton Pritchard
Gcar,Gtm,Date,Team,,Opp,Result,GS,MP,FG,FGA,FG%,3P,3PA,3P%,2P,2PA,2P%,eFG%,FT,FTA,FT%,ORB,DRB,TRB,AST,STL,BLK,TOV,PF,PTS,GmSc,+/-,Payton Pritchard
327,61,2025-03-02,BOS,,DEN,"W, 110-103",,25:47,4,7,.571,3,5,.600,1,2,.500,.786,0,0,,0,1,1,3,0,0,0,1,11,9.7,10,Payton Pritchard
328,62,2025-03-05,BOS,,POR,"W, 128-118",,42:51,14,20,.700,10,16,.625,4,4,1.000,.950,5,5,1.000,4,6,10,5,0,0,0,2,43,41.9,12,Payton Pritchard
329,63,2025-03-06,BOS,,PHI,"W, 123-105",,32:18,6,13,.462,4,8,.500,2,5,.400,.615,3,3,1.000,3,1,4,6,2,0,0,1,19,20.5,14,Payton Pritchard
330,64,2025-03-08,BOS,,LAL,"W, 111-101",,22:30,1,5,.200,1,4,.250,0,1,.000,.300,0,0,,0,2,2,2,0,2,0,1,3,2.9,-2,Payton Pritchard
331,65,2025-03-10,BOS,,UTA,"W, 114-108",,25:55,3,11,.273,2,8,.250,1,3,.333,.364,0,0,,0,1,1,3,2,0,0,1,8,5.5,-4,Payton Pritchard
332,66,2025-03-12,BOS,,OKC,"L, 112-118",,24:58,3,10,.300,2,9,.222,1,1,1.000,.400,0,0,,1,0,1,1,0,0,1,1,8,2.2,1,Payton Pritchard
333,67,2025-03-14,BOS,@,MIA,"W, 103-91",,27:10,4,12,.333,3,9,.333,1,3,.333,.458,0,0,,1,2,3,0,3,0,2,2,11,5.7,0,Payton Pritchard
334,68,2025-03-15,BOS,@,BRK,"W, 115-113",,32:58,7,11,.636,5,8,.625,2,3,.667,.864,3,4,.750,2,4,6,3,2,0,2,1,22,21.0,6,Payton Pritchard
335,69,2025-03-18,BOS,,BRK,"W, 104-96",,33:37,3,9,.333,3,7,.429,0,2,.000,.500,1,1,1.000,1,3,4,2,0,0,0,0,10,7.9,14,Payton Pritchard
336,70,2025-03-21,BOS,@,UTA,"W, 121-99",,31:35,6,13,.462,4,11,.364,2,2,1.000,.615,2,3,.667,1,1,2,4,1,0,1,2,18,13.9,14,Payton Pritchard
337,71,2025-03-23,BOS,@,POR,"W, 129-116",*,31:41,6,14,.429,4,9,.444,2,5,.400,.571,0,0,,1,3,4,5,0,0,0,3,16,12.5,6,Payton Pritchard
338,72,2025-03-24,BOS,@,SAC,"W, 113-95",,34:36,8,18,.444,5,13,.385,3,5,.600,.583,1,2,.500,1,4,5,2,1,0,2,1,22,14.1,18,Payton Pritchard
339,73,2025-03-26,BOS,@,PHO,"W, 132-102",,24:48,3,10,.300,1,8,.125,2,2,1.000,.350,0,0,,1,5,6,4,1,0,2,2,7,4.4,3,Payton Pritchard
,74,2025-03-29,BOS,@,SAS,"W, 121-111",Inactive,,,,,,,,,,,,,,,,,,,,,,,,,,Payton Pritchard
340,75,2025-03-31,BOS,@,MEM,"W, 117-103",,25:35,2,6,.333,1,5,.200,1,1,1.000,.417,0,0,,2,4,6,1,1,0,1,3,5,3.7,-6,Payton Pritchard
Gcar,Gtm,Date,Team,,Opp,Result,GS,MP,FG,FGA,FG%,3P,3PA,3P%,2P,2PA,2P%,eFG%,FT,FTA,FT%,ORB,DRB,TRB,AST,STL,BLK,TOV,PF,PTS,GmSc,+/-,Payton Pritchard
341,76,2025-04-02,BOS,,MIA,"L, 103-124",,31:17,4,9,.444,2,6,.333,2,3,.667,.556,0,0,,2,2,4,2,0,1,1,0,10,8.4,-7,Payton Pritchard
342,77,2025-04-04,BOS,,PHO,"W, 123-103",,22:20,4,5,.800,2,3,.667,2,2,1.000,1.000,0,0,,0,1,1,3,0,0,1,1,10,9.1,11,Payton Pritchard
343,78,2025-04-06,BOS,,WAS,"W, 124-90",,29:32,8,18,.444,4,11,.364,4,7,.571,.556,0,0,,1,5,6,7,2,0,1,1,20,18.3,27,Payton Pritchard
344,79,2025-04-08,BOS,@,NYK,"W, 119-117 (OT)",,29:53,3,6,.500,0,3,.000,3,3,1.000,.500,2,2,1.000,1,4,5,3,1,0,1,1,8,8.6,-10,Payton Pritchard
345,80,2025-04-09,BOS,@,ORL,"L, 76-96",*,34:59,7,17,.412,1,7,.143,6,10,.600,.441,0,0,,0,4,4,10,1,0,3,2,15,11.3,-12,Payton Pritchard
346,81,2025-04-11,BOS,,CHO,"W, 130-94",,21:42,9,11,.818,4,5,.800,5,6,.833,1.000,0,0,,0,3,3,3,1,0,2,0,22,19.9,16,Payton Pritchard
347,82,2025-04-13,BOS,,CHO,"W, 93-86",*,38:30,14,25,.560,4,12,.333,10,13,.769,.640,2,2,1.000,3,4,7,7,1,0,4,0,34,27.3,8,Payton Pritchard
1079,1,2024-10-22,BOS,,NYK,"W, 132-109",*,26:05,4,7,.571,3,5,.600,1,2,.500,.786,0,0,,0,3,3,5,1,1,0,2,11,13.0,19,Al Horford
1080,2,2024-10-24,BOS,@,WAS,"W, 122-102",*,20:05,0,2,.000,0,1,.000,0,1,.000,.000,0,0,,1,4,5,1,0,0,2,0,0,-0.8,17,Al Horford
1081,3,2024-10-26,BOS,@,DET,"W, 124-118",*,31:59,6,10,.600,5,8,.625,1,2,.500,.850,0,0,,2,3,5,1,3,0,0,0,17,18.4,21,Al Horford
1082,4,2024-10-28,BOS,,MIL,"W, 119-108",*,27:05,4,5,.800,2,2,1.000,2,3,.667,1.000,0,0,,0,5,5,1,0,2,0,2,10,10.9,6,Al Horford
1083,5,2024-10-30,BOS,@,IND,"L, 132-135 (OT)",*,19:23,3,6,.500,2,4,.500,1,2,.500,.667,0,0,,1,3,4,1,1,0,1,1,8,6.9,-12,Al Horford
Gcar,Gtm,Date,Team,,Opp,Result,GS,MP,FG,FGA,FG%,3P,3PA,3P%,2P,2PA,2P%,eFG%,FT,FTA,FT%,ORB,DRB,TRB,AST,STL,BLK,TOV,PF,PTS,GmSc,+/-,Al Horford
,6,2024-11-01,BOS,@,CHO,"W, 124-109",Inactive,,,,,,,,,,,,,,,,,,,,,,,,,,Al Horford
1084,7,2024-11-02,BOS,@,CHO,"W, 113-103",*,27:08,0,4,.000,0,3,.000,0,1,.000,.000,0,0,,2,4,6,5,1,0,1,3,0,2.1,4,Al Horford
1085,8,2024-11-04,BOS,@,ATL,"W, 123-93",*,22:00,3,4,.750,1,2,.500,2,2,1.000,.875,2,2,1.000,1,4,5,3,2,2,0,1,9,14.4,23,Al Horford
1086,9,2024-11-06,BOS,,GSW,"L, 112-118",*,29:50,4,9,.444,2,6,.333,2,3,.667,.556,0,0,,2,5,7,3,2,0,3,1,10,8.9,-11,Al Horford
1087,10,2024-11-08,BOS,,BRK,"W, 108-104 (OT)",*,31:24,5,12,.417,3,9,.333,2,3,.667,.542,0,0,,1,9,10,0,1,1,1,2,13,9.9,-2,Al Horford
1088,11,2024-11-10,BOS,@,MIL,"W, 113-107",*,31:41,3,7,.429,2,6,.333,1,1,1.000,.571,1,1,1.000,0,7,7,4,0,1,2,1,9,8.5,8,Al Horford
1089,12,2024-11-12,BOS,,ATL,"L, 116-117",*,25:40,3,5,.600,2,4,.500,1,1,1.000,.800,0,0,,0,4,4,2,0,0,1,1,8,6.9,3,Al Horford
,13,2024-11-13,BOS,@,BRK,"W, 139-114",Did Not Dress,,,,,,,,,,,,,,,,,,,,,,,,,,Al Horford
1090,14,2024-11-16,BOS,,TOR,"W, 126-123 (OT)",*,31:56,6,11,.545,5,10,.500,1,1,1.000,.773,1,1,1.000,2,2,4,2,1,1,2,1,18,15.4,-7,Al Horford
1091,15,2024-11-19,BOS,,CLE,"W, 120-117",*,31:36,7,11,.636,4,5,.800,3,6,.500,.818,2,2,1.000,2,5,7,1,0,3,0,3,20,19.6,18,Al Horford
,16,2024-11-22,BOS,@,WAS,"W, 108-96",Did Not Dress,,,,,,,,,,,,,,,,,,,,,,,,,,Al Horford
1092,17,2024-11-24,BOS,,MIN,"W, 107-105",*,33:42,3,10,.300,2,9,.222,1,1,1.000,.400,0,0,,0,4,4,4,0,2,1,3,8,5.4,3,Al Horford
,18,2024-11-25,BOS,,LAC,"W, 126-94",Did Not Dress,,,,,,,,,,,,,,,,,,,,,,,,,,Al Horford
1093,19,2024-11-29,BOS,@,CHI,"W, 138-129",,25:27,1,6,.167,0,3,.000,1,3,.333,.167,0,0,,0,1,1,3,0,0,0,2,2,-0.2,-4,Al Horford
Gcar,Gtm,Date,Team,,Opp,Result,GS,MP,FG,FGA,FG%,3P,3PA,3P%,2P,2PA,2P%,eFG%,FT,FTA,FT%,ORB,DRB,TRB,AST,STL,BLK,TOV,PF,PTS,GmSc,+/-,Al Horford
1094,20,2024-12-01,BOS,@,CLE,"L, 111-115",*,30:19,3,10,.300,2,9,.222,1,1,1.000,.400,0,0,,2,3,5,1,1,1,0,1,8,6.5,6,Al Horford
,21,2024-12-02,BOS,,MIA,"W, 108-89",Inactive,,,,,,,,,,,,,,,,,,,,,,,,,,Al Horford
1095,22,2024-12-04,BOS,,DET,"W, 130-120",*,30:26,5,7,.714,4,6,.667,1,1,1.000,1.000,0,0,,0,4,4,3,1,1,3,3,14,11.9,4,Al Horford
1096,23,2024-12-06,BOS,,MIL,"W, 111-105",*,36:25,3,8,.375,2,7,.286,1,1,1.000,.500,0,0,,0,9,9,3,0,2,2,3,8,6.6,4,Al Horford
,24,2024-12-07,BOS,,MEM,"L, 121-127",Inactive,,,,,,,,,,,,,,,,,,,,,,,,,,Al Horford
1097,25,2024-12-12,BOS,,DET,"W, 123-99",*,19:38,1,3,.333,0,2,.000,1,1,1.000,.333,0,0,,0,6,6,1,0,0,0,1,2,2.4,6,Al Horford
,26,2024-12-15,BOS,@,WAS,"W, 112-98",Did Not Dress,,,,,,,,,,,,,,,,,,,,,,,,,,Al Horford
1098,27,2024-12-19,BOS,,CHI,"L, 108-117",,21:44,1,4,.250,0,2,.000,1,2,.500,.250,0,0,,3,2,5,2,0,2,0,2,2,4.3,-4,Al Horford
1099,28,2024-12-21,BOS,@,CHI,"W, 123-98",,25:02,3,7,.429,1,3,.333,2,4,.500,.500,1,2,.500,1,6,7,0,1,1,2,1,8,5.7,21,Al Horford
1100,29,2024-12-23,BOS,@,ORL,"L, 104-108",*,34:54,3,10,.300,1,5,.200,2,5,.400,.350,1,2,.500,1,5,6,2,1,0,0,0,8,6.4,2,Al Horford
1101,30,2024-12-25,BOS,,PHI,"L, 114-118",*,33:24,6,13,.462,5,10,.500,1,3,.333,.654,0,0,,0,4,4,2,0,1,0,3,17,12.4,22,Al Horford
1102,31,2024-12-27,BOS,,IND,"W, 142-105",*,20:00,4,8,.500,3,6,.500,1,2,.500,.688,2,2,1.000,1,4,5,2,0,1,2,0,13,11.0,23,Al Horford
1103,32,2024-12-29,BOS,,IND,"L, 114-123",*,30:39,2,12,.167,1,10,.100,1,2,.500,.208,0,0,,0,5,5,3,0,0,0,5,5,-1.0,-14,Al Horford
1104,33,2024-12-31,BOS,,TOR,"W, 125-71",*,20:58,0,7,.000,0,6,.000,0,1,.000,.000,0,0,,0,6,6,4,2,0,0,1,0,1.3,20,Al Horford
Gcar,Gtm,Date,Team,,Opp,Result,GS,MP,FG,FGA,FG%,3P,3PA,3P%,2P,2PA,2P%,eFG%,FT,FTA,FT%,ORB,DRB,TRB,AST,STL,BLK,TOV,PF,PTS,GmSc,+/-,Al Horford
1105,34,2025-01-02,BOS,@,MIN,"W, 118-115",*,34:49,4,8,.500,1,5,.200,3,3,1.000,.563,0,0,,3,2,5,4,0,2,0,2,9,11.1,-2,Al Horford
,35,2025-01-03,BOS,@,HOU,"W, 109-86",Did Not Dress,,,,,,,,,,,,,,,,,,,,,,,,,,Al Horford
1106,36,2025-01-05,BOS,@,OKC,"L, 92-105",,24:32,2,6,.333,2,5,.400,0,1,.000,.500,0,0,,2,6,8,1,1,0,2,1,6,5.1,-1,Al Horford
1107,37,2025-01-07,BOS,@,DEN,"W, 118-106",*,33:42,3,5,.600,3,5,.600,0,0,,.900,0,0,,2,5,7,0,4,0,1,1,9,12.2,15,Al Horford
1108,38,2025-01-10,BOS,,SAC,"L, 97-114",,23:12,1,4,.250,0,3,.000,1,1,1.000,.250,0,0,,1,3,4,1,0,0,0,1,2,1.5,-1,Al Horford
1109,39,2025-01-12,BOS,,NOP,"W, 120-119",,22:43,4,6,.667,3,4,.750,1,2,.500,.917,0,0,,1,6,7,0,0,1,0,1,11,11.2,-3,Al Horford
1110,40,2025-01-15,BOS,@,TOR,"L, 97-110",,20:45,4,10,.400,2,8,.250,2,2,1.000,.500,0,0,,0,2,2,2,0,4,0,0,10,9.4,1,Al Horford
1111,41,2025-01-17,BOS,,ORL,"W, 121-94",,22:40,2,4,.500,2,3,.667,0,1,.000,.750,0,0,,2,1,3,2,0,0,0,1,6,6.7,13,Al Horford
,42,2025-01-18,BOS,,ATL,"L, 115-119 (OT)",Did Not Dress,,,,,,,,,,,,,,,,,,,,,,,,,,Al Horford
1112,43,2025-01-20,BOS,@,GSW,"W, 125-85",,20:15,1,3,.333,1,3,.333,0,0,,.500,0,0,,2,2,4,2,0,2,0,0,3,6.1,12,Al Horford
,44,2025-01-22,BOS,@,LAC,"W, 117-113 (OT)",Did Not Dress,,,,,,,,,,,,,,,,,,,,,,,,,,Al Horford
1113,45,2025-01-23,BOS,@,LAL,"L, 96-117",,23:58,1,5,.200,0,3,.000,1,2,.500,.200,0,0,,0,4,4,2,0,1,1,2,2,0.4,-22,Al Horford
1114,46,2025-01-25,BOS,@,DAL,"W, 122-107",,18:47,2,8,.250,0,2,.000,2,6,.333,.250,0,0,,4,2,6,1,0,0,0,2,4,2.5,16,Al Horford
,47,2025-01-27,BOS,,HOU,"L, 112-114",Did Not Play,,,,,,,,,,,,,,,,,,,,,,,,,,Al Horford
,48,2025-01-29,BOS,,CHI,"W, 122-100",Did Not Dress,,,,,,,,,,,,,,,,,,,,,,,,,,Al Horford
1115,49,2025-01-31,BOS,@,NOP,"W, 118-116",,25:29,1,5,.200,0,2,.000,1,3,.333,.200,2,2,1.000,1,3,4,0,0,1,0,0,4,3.2,-4,Al Horford
Gcar,Gtm,Date,Team,,Opp,Result,GS,MP,FG,FGA,FG%,3P,3PA,3P%,2P,2PA,2P%,eFG%,FT,FTA,FT%,ORB,DRB,TRB,AST,STL,BLK,TOV,PF,PTS,GmSc,+/-,Al Horford
1116,50,2025-02-02,BOS,@,PHI,"W, 118-110",,11:22,1,4,.250,0,2,.000,1,2,.500,.250,2,2,1.000,0,2,2,0,1,0,0,0,4,3.2,-5,Al Horford
1117,51,2025-02-04,BOS,@,CLE,"W, 112-105",,26:32,5,12,.417,3,9,.333,2,3,.667,.542,0,0,,3,7,10,2,0,1,1,3,13,10.7,19,Al Horford
1118,52,2025-02-06,BOS,,DAL,"L, 120-127",*,20:53,1,4,.250,1,3,.333,0,1,.000,.375,0,0,,0,5,5,1,0,0,1,0,3,1.8,-13,Al Horford
1119,53,2025-02-08,BOS,@,NYK,"W, 131-104",*,31:17,1,4,.250,1,3,.333,0,1,.000,.375,2,2,1.000,2,6,8,1,0,1,1,3,5,5.0,24,Al Horford
1120,54,2025-02-10,BOS,@,MIA,"W, 103-85",*,33:21,6,11,.545,4,8,.500,2,3,.667,.727,0,0,,1,9,10,0,0,2,0,0,16,15.5,13,Al Horford
1121,55,2025-02-12,BOS,,SAS,"W, 116-103",*,34:22,2,10,.200,2,7,.286,0,3,.000,.300,0,0,,2,8,10,3,0,2,1,1,6,5.7,4,Al Horford
1122,56,2025-02-20,BOS,@,PHI,"W, 124-104",,18:17,4,7,.571,3,5,.600,1,2,.500,.786,0,0,,1,3,4,1,0,0,0,2,11,9.2,20,Al Horford
1123,57,2025-02-23,BOS,,NYK,"W, 118-105",,25:01,2,3,.667,0,0,,2,3,.667,.667,0,0,,2,1,3,1,0,0,0,3,4,3.9,10,Al Horford
,58,2025-02-25,BOS,@,TOR,"W, 111-101",Did Not Dress,,,,,,,,,,,,,,,,,,,,,,,,,,Al Horford
1124,59,2025-02-26,BOS,@,DET,"L, 97-117",*,30:05,3,10,.300,3,9,.333,0,1,.000,.450,0,0,,1,9,10,2,2,1,0,1,9,10.3,-14,Al Horford
1125,60,2025-02-28,BOS,,CLE,"L, 116-123",*,37:34,2,4,.500,1,1,1.000,1,3,.333,.625,0,0,,1,6,7,2,0,0,1,0,5,5.9,4,Al Horford
Gcar,Gtm,Date,Team,,Opp,Result,GS,MP,FG,FGA,FG%,3P,3PA,3P%,2P,2PA,2P%,eFG%,FT,FTA,FT%,ORB,DRB,TRB,AST,STL,BLK,TOV,PF,PTS,GmSc,+/-,Al Horford
1126,61,2025-03-02,BOS,,DEN,"W, 110-103",*,34:57,7,12,.583,1,3,.333,6,9,.667,.625,4,4,1.000,3,5,8,0,3,0,2,1,19,17.6,4,Al Horford
1127,62,2025-03-05,BOS,,POR,"W, 128-118",*,31:21,4,9,.444,2,7,.286,2,2,1.000,.556,2,2,1.000,1,8,9,4,0,2,2,3,12,11.4,12,Al Horford
,63,2025-03-06,BOS,,PHI,"W, 123-105",Inactive,,,,,,,,,,,,,,,,,,,,,,,,,,Al Horford
1128,64,2025-03-08,BOS,,LAL,"W, 111-101",*,37:20,5,9,.556,1,3,.333,4,6,.667,.611,3,4,.750,1,8,9,4,3,1,0,1,14,18.5,16,Al Horford
,65,2025-03-10,BOS,,UTA,"W, 114-108",Did Not Dress,,,,,,,,,,,,,,,,,,,,,,,,,,Al Horford
1129,66,2025-03-12,BOS,,OKC,"L, 112-118",*,33:57,6,14,.429,6,12,.500,0,2,.000,.643,0,0,,3,7,10,6,1,2,2,1,18,19.0,-9,Al Horford
1130,67,2025-03-14,BOS,@,MIA,"W, 103-91",*,31:38,3,7,.429,1,4,.250,2,3,.667,.500,2,2,1.000,3,6,9,5,0,1,1,1,9,12.0,15,Al Horford
,68,2025-03-15,BOS,@,BRK,"W, 115-113",Inactive,,,,,,,,,,,,,,,,,,,,,,,,,,Al Horford
1131,69,2025-03-18,BOS,,BRK,"W, 104-96",*,31:36,1,5,.200,1,5,.200,0,0,,.300,1,2,.500,0,5,5,6,0,0,2,2,4,3.4,18,Al Horford
1132,70,2025-03-21,BOS,@,UTA,"W, 121-99",*,26:40,2,7,.286,1,4,.250,1,3,.333,.357,0,0,,5,4,9,2,0,0,0,0,5,7.0,12,Al Horford
1133,71,2025-03-23,BOS,@,POR,"W, 129-116",*,29:42,6,12,.500,2,6,.333,4,6,.667,.583,0,0,,1,5,6,1,1,1,1,0,14,11.6,4,Al Horford
,72,2025-03-24,BOS,@,SAC,"W, 113-95",Inactive,,,,,,,,,,,,,,,,,,,,,,,,,,Al Horford
1134,73,2025-03-26,BOS,@,PHO,"W, 132-102",*,26:18,5,10,.500,2,7,.286,3,3,1.000,.600,4,4,1.000,4,6,10,5,1,2,0,1,16,21.1,24,Al Horford
,74,2025-03-29,BOS,@,SAS,"W, 121-111",Inactive,,,,,,,,,,,,,,,,,,,,,,,,,,Al Horford
1135,75,2025-03-31,BOS,@,MEM,"W, 117-103",,36:54,9,18,.500,6,13,.462,3,5,.600,.667,2,2,1.000,2,6,8,2,0,0,1,2,26,19.8,13,Al Horford
Gcar,Gtm,Date,Team,,Opp,Result,GS,MP,FG,FGA,FG%,3P,3PA,3P%,2P,2PA,2P%,eFG%,FT,FTA,FT%,ORB,DRB,TRB,AST,STL,BLK,TOV,PF,PTS,GmSc,+/-,Al Horford
,76,2025-04-02,BOS,,MIA,"L, 103-124",Inactive,,,,,,,,,,,,,,,,,,,,,,,,,,Al Horford
1136,77,2025-04-04,BOS,,PHO,"W, 123-103",,24:41,3,5,.600,1,3,.333,2,2,1.000,.700,0,0,,0,3,3,2,0,1,0,1,7,7.3,-7,Al Horford
1137,78,2025-04-06,BOS,,WAS,"W, 124-90",*,27:50,4,12,.333,3,8,.375,1,4,.250,.458,0,0,,2,8,10,4,0,0,1,0,11,9.8,23,Al Horford
,79,2025-04-08,BOS,@,NYK,"W, 119-117 (OT)",Inactive,,,,,,,,,,,,,,,,,,,,,,,,,,Al Horford
,80,2025-04-09,BOS,@,ORL,"L, 76-96",Inactive,,,,,,,,,,,,,,,,,,,,,,,,,,Al Horford
1138,81,2025-04-11,BOS,,CHO,"W, 130-94",*,27:30,5,10,.500,3,6,.500,2,4,.500,.650,0,0,,1,10,11,0,1,1,2,1,13,11.0,10,Al Horford
,82,2025-04-13,BOS,,CHO,"W, 93-86",Inactive,,,,,,,,,,,,,,,,,,,,,,,,,,Al Horford
186,1,2024-10-22,BOS,,NYK,"W, 132-109",,24:10,4,10,.400,2,7,.286,2,3,.667,.500,0,0,,1,4,5,1,0,0,0,2,10,6.4,6,Sam Hauser
,2,2024-10-24,BOS,@,WAS,"W, 122-102",Inactive,,,,,,,,,,,,,,,,,,,,,,,,,,Sam Hauser
,3,2024-10-26,BOS,@,DET,"W, 124-118",Inactive,,,,,,,,,,,,,,,,,,,,,,,,,,Sam Hauser
,4,2024-10-28,BOS,,MIL,"W, 119-108",Inactive,,,,,,,,,,,,,,,,,,,,,,,,,,Sam Hauser
187,5,2024-10-30,BOS,@,IND,"L, 132-135 (OT)",,13:50,2,6,.333,1,4,.250,1,2,.500,.417,0,0,,0,2,2,1,1,1,1,0,5,3.6,12,Sam Hauser
Gcar,Gtm,Date,Team,,Opp,Result,GS,MP,FG,FGA,FG%,3P,3PA,3P%,2P,2PA,2P%,eFG%,FT,FTA,FT%,ORB,DRB,TRB,AST,STL,BLK,TOV,PF,PTS,GmSc,+/-,Sam Hauser
188,6,2024-11-01,BOS,@,CHO,"W, 124-109",,17:31,2,3,.667,2,3,.667,0,0,,1.000,0,0,,1,4,5,2,0,0,1,0,6,7.0,-8,Sam Hauser
189,7,2024-11-02,BOS,@,CHO,"W, 113-103",,19:39,3,7,.429,2,6,.333,1,1,1.000,.571,0,0,,3,4,7,1,0,0,0,1,8,7.9,5,Sam Hauser
190,8,2024-11-04,BOS,@,ATL,"W, 123-93",,19:30,4,11,.364,2,8,.250,2,3,.667,.455,0,0,,1,1,2,1,1,0,1,1,10,5.2,8,Sam Hauser
191,9,2024-11-06,BOS,,GSW,"L, 112-118",,21:47,2,5,.400,2,5,.400,0,0,,.600,0,0,,0,5,5,1,0,0,0,1,6,5.1,4,Sam Hauser
192,10,2024-11-08,BOS,,BRK,"W, 108-104 (OT)",,35:13,3,11,.273,2,10,.200,1,1,1.000,.364,0,0,,1,3,4,3,3,0,0,1,8,7.8,15,Sam Hauser
193,11,2024-11-10,BOS,@,MIL,"W, 113-107",,12:29,1,6,.167,1,5,.200,0,1,.000,.250,0,0,,1,0,1,1,1,0,0,2,3,0.8,0,Sam Hauser
194,12,2024-11-12,BOS,,ATL,"L, 116-117",,19:06,2,3,.667,2,3,.667,0,0,,1.000,0,0,,0,2,2,0,0,1,1,0,6,5.0,-3,Sam Hauser
195,13,2024-11-13,BOS,@,BRK,"W, 139-114",,25:37,4,10,.400,4,10,.400,0,0,,.600,0,0,,1,5,6,1,0,1,0,0,12,10.2,10,Sam Hauser
196,14,2024-11-16,BOS,,TOR,"W, 126-123 (OT)",,25:24,5,12,.417,3,10,.300,2,2,1.000,.542,1,1,1.000,0,0,0,1,0,1,0,2,14,8.2,8,Sam Hauser
197,15,2024-11-19,BOS,,CLE,"W, 120-117",,21:01,1,3,.333,0,2,.000,1,1,1.000,.333,0,0,,0,3,3,2,0,0,0,0,2,2.6,-13,Sam Hauser
198,16,2024-11-22,BOS,@,WAS,"W, 108-96",,21:50,5,7,.714,3,5,.600,2,2,1.000,.929,0,0,,0,3,3,0,3,0,1,2,13,12.2,11,Sam Hauser
199,17,2024-11-24,BOS,,MIN,"W, 107-105",,20:21,2,7,.286,1,5,.200,1,2,.500,.357,0,0,,3,2,5,2,0,0,0,2,5,4.2,1,Sam Hauser
200,18,2024-11-25,BOS,,LAC,"W, 126-94",,23:00,3,3,1.000,3,3,1.000,0,0,,1.500,0,0,,0,2,2,0,0,0,0,0,9,8.7,27,Sam Hauser
201,19,2024-11-29,BOS,@,CHI,"W, 138-129",,21:59,1,5,.200,1,5,.200,0,0,,.300,0,0,,0,3,3,1,2,0,1,2,3,1.7,3,Sam Hauser
Gcar,Gtm,Date,Team,,Opp,Result,GS,MP,FG,FGA,FG%,3P,3PA,3P%,2P,2PA,2P%,eFG%,FT,FTA,FT%,ORB,DRB,TRB,AST,STL,BLK,TOV,PF,PTS,GmSc,+/-,Sam Hauser
202,20,2024-12-01,BOS,@,CLE,"L, 111-115",*,36:04,5,8,.625,3,6,.500,2,2,1.000,.813,0,0,,2,3,5,2,3,0,1,6,13,12.7,3,Sam Hauser
,21,2024-12-02,BOS,,MIA,"W, 108-89",Inactive,,,,,,,,,,,,,,,,,,,,,,,,,,Sam Hauser
203,22,2024-12-04,BOS,,DET,"W, 130-120",*,30:40,7,12,.583,5,10,.500,2,2,1.000,.792,1,1,1.000,1,2,3,0,1,0,1,1,20,15.3,13,Sam Hauser
204,23,2024-12-06,BOS,,MIL,"W, 111-105",,24:29,6,10,.600,4,8,.500,2,2,1.000,.800,0,0,,1,2,3,1,1,1,0,2,16,14.3,-7,Sam Hauser
205,24,2024-12-07,BOS,,MEM,"L, 121-127",,09:06,0,2,.000,0,2,.000,0,0,,.000,0,0,,0,1,1,0,0,0,0,0,0,-1.1,3,Sam Hauser
,25,2024-12-12,BOS,,DET,"W, 123-99",Inactive,,,,,,,,,,,,,,,,,,,,,,,,,,Sam Hauser
206,26,2024-12-15,BOS,@,WAS,"W, 112-98",,28:15,4,10,.400,4,9,.444,0,1,.000,.600,0,0,,2,5,7,1,2,0,0,0,12,12.2,27,Sam Hauser
,27,2024-12-19,BOS,,CHI,"L, 108-117",Did Not Dress,,,,,,,,,,,,,,,,,,,,,,,,,,Sam Hauser
,28,2024-12-21,BOS,@,CHI,"W, 123-98",Did Not Dress,,,,,,,,,,,,,,,,,,,,,,,,,,Sam Hauser
207,29,2024-12-23,BOS,@,ORL,"L, 104-108",,16:27,0,0,,0,0,,0,0,,,0,0,,0,2,2,2,2,0,0,3,0,2.8,-5,Sam Hauser
208,30,2024-12-25,BOS,,PHI,"L, 114-118",,13:27,0,1,.000,0,1,.000,0,0,,.000,0,0,,1,1,2,0,0,0,0,1,0,-0.1,-12,Sam Hauser
209,31,2024-12-27,BOS,,IND,"W, 142-105",*,19:30,2,8,.250,0,5,.000,2,3,.667,.250,0,0,,1,1,2,2,0,0,0,1,4,1.2,12,Sam Hauser
210,32,2024-12-29,BOS,,IND,"L, 114-123",*,19:40,3,6,.500,3,6,.500,0,0,,.750,0,0,,0,0,0,3,1,0,0,1,9,8.7,0,Sam Hauser
211,33,2024-12-31,BOS,,TOR,"W, 125-71",,17:50,4,7,.571,4,7,.571,0,0,,.857,0,0,,0,2,2,1,0,0,0,0,12,10.0,28,Sam Hauser
Gcar,Gtm,Date,Team,,Opp,Result,GS,MP,FG,FGA,FG%,3P,3PA,3P%,2P,2PA,2P%,eFG%,FT,FTA,FT%,ORB,DRB,TRB,AST,STL,BLK,TOV,PF,PTS,GmSc,+/-,Sam Hauser
212,34,2025-01-02,BOS,@,MIN,"W, 118-115",*,27:18,5,11,.455,5,11,.455,0,0,,.682,0,0,,1,2,3,2,0,0,0,1,15,11.6,-10,Sam Hauser
213,35,2025-01-03,BOS,@,HOU,"W, 109-86",*,19:24,0,1,.000,0,1,.000,0,0,,.000,0,0,,0,3,3,0,1,0,0,0,0,1.2,2,Sam Hauser
214,36,2025-01-05,BOS,@,OKC,"L, 92-105",,11:05,1,5,.200,1,5,.200,0,0,,.300,0,0,,0,1,1,0,0,0,0,1,3,-0.2,-4,Sam Hauser
215,37,2025-01-07,BOS,@,DEN,"W, 118-106",,17:43,3,5,.600,3,5,.600,0,0,,.900,0,0,,1,1,2,1,0,1,1,1,9,7.7,0,Sam Hauser
216,38,2025-01-10,BOS,,SAC,"L, 97-114",,12:54,3,6,.500,1,4,.250,2,2,1.000,.583,0,0,,1,1,2,1,0,1,2,0,7,4.4,-8,Sam Hauser
217,39,2025-01-12,BOS,,NOP,"W, 120-119",,08:53,1,2,.500,1,2,.500,0,0,,.750,0,0,,0,2,2,1,0,0,0,1,3,2.9,2,Sam Hauser
218,40,2025-01-15,BOS,@,TOR,"L, 97-110",,16:45,1,6,.167,1,5,.200,0,1,.000,.250,0,0,,2,4,6,0,2,0,0,1,3,3.4,0,Sam Hauser
219,41,2025-01-17,BOS,,ORL,"W, 121-94",,17:16,3,5,.600,2,4,.500,1,1,1.000,.800,0,0,,0,1,1,1,0,0,0,1,8,6.3,6,Sam Hauser
220,42,2025-01-18,BOS,,ATL,"L, 115-119 (OT)",,20:12,0,7,.000,0,5,.000,0,2,.000,.000,0,0,,1,2,3,2,2,0,1,0,0,-1.2,1,Sam Hauser
221,43,2025-01-20,BOS,@,GSW,"W, 125-85",,20:42,4,7,.571,3,6,.500,1,1,1.000,.786,0,0,,0,2,2,1,1,1,0,1,11,10.3,20,Sam Hauser
222,44,2025-01-22,BOS,@,LAC,"W, 117-113 (OT)",*,25:14,5,7,.714,5,7,.714,0,0,,1.071,0,0,,0,4,4,0,1,0,0,0,15,14.3,-3,Sam Hauser
223,45,2025-01-23,BOS,@,LAL,"L, 96-117",,13:23,2,4,.500,2,4,.500,0,0,,.750,0,0,,0,2,2,0,0,0,0,1,6,4.2,-9,Sam Hauser
224,46,2025-01-25,BOS,@,DAL,"W, 122-107",,14:24,2,3,.667,2,3,.667,0,0,,1.000,0,0,,0,1,1,1,0,0,0,2,6,4.9,-1,Sam Hauser
,47,2025-01-27,BOS,,HOU,"L, 112-114",Inactive,,,,,,,,,,,,,,,,,,,,,,,,,,Sam Hauser
,48,2025-01-29,BOS,,CHI,"W, 122-100",Did Not Dress,,,,,,,,,,,,,,,,,,,,,,,,,,Sam Hauser
225,49,2025-01-31,BOS,@,NOP,"W, 118-116",,14:27,3,6,.500,3,6,.500,0,0,,.750,0,0,,0,4,4,1,1,0,3,0,9,5.9,0,Sam Hauser
Gcar,Gtm,Date,Team,,Opp,Result,GS,MP,FG,FGA,FG%,3P,3PA,3P%,2P,2PA,2P%,eFG%,FT,FTA,FT%,ORB,DRB,TRB,AST,STL,BLK,TOV,PF,PTS,GmSc,+/-,Sam Hauser
226,50,2025-02-02,BOS,@,PHI,"W, 118-110",,23:52,4,7,.571,4,7,.571,0,0,,.857,0,0,,0,4,4,0,0,0,1,2,12,8.1,18,Sam Hauser
227,51,2025-02-04,BOS,@,CLE,"W, 112-105",,12:53,1,2,.500,1,1,1.000,0,1,.000,.750,0,0,,1,2,3,0,0,0,0,2,3,2.5,18,Sam Hauser
228,52,2025-02-06,BOS,,DAL,"L, 120-127",,20:42,2,5,.400,2,5,.400,0,0,,.600,0,0,,0,1,1,2,0,0,0,1,6,4.6,3,Sam Hauser
229,53,2025-02-08,BOS,@,NYK,"W, 131-104",,17:39,2,4,.500,1,3,.333,1,1,1.000,.625,0,0,,0,3,3,0,0,0,0,3,5,2.7,13,Sam Hauser
230,54,2025-02-10,BOS,@,MIA,"W, 103-85",*,24:03,5,8,.625,5,8,.625,0,0,,.938,0,0,,0,4,4,2,0,0,0,2,15,13.2,17,Sam Hauser
231,55,2025-02-12,BOS,,SAS,"W, 116-103",*,29:04,4,9,.444,2,7,.286,2,2,1.000,.556,2,2,1.000,1,6,7,0,1,0,0,2,12,10.0,9,Sam Hauser
232,56,2025-02-20,BOS,@,PHI,"W, 124-104",,21:24,1,6,.167,1,5,.200,0,1,.000,.250,0,0,,1,1,2,2,0,0,0,1,3,1.2,14,Sam Hauser
233,57,2025-02-23,BOS,,NYK,"W, 118-105",,08:55,2,4,.500,2,3,.667,0,1,.000,.750,0,0,,0,1,1,0,0,0,0,1,6,3.9,-4,Sam Hauser
234,58,2025-02-25,BOS,@,TOR,"W, 111-101",*,39:38,4,6,.667,2,4,.500,2,2,1.000,.833,0,0,,2,3,5,0,1,1,1,3,10,9.2,19,Sam Hauser
235,59,2025-02-26,BOS,@,DET,"L, 97-117",,12:03,1,1,1.000,1,1,1.000,0,0,,1.500,0,0,,0,1,1,1,0,0,1,1,3,2.3,-7,Sam Hauser
236,60,2025-02-28,BOS,,CLE,"L, 116-123",*,37:43,2,8,.250,2,6,.333,0,2,.000,.375,0,0,,2,4,6,1,0,0,0,2,6,3.7,18,Sam Hauser
Gcar,Gtm,Date,Team,,Opp,Result,GS,MP,FG,FGA,FG%,3P,3PA,3P%,2P,2PA,2P%,eFG%,FT,FTA,FT%,ORB,DRB,TRB,AST,STL,BLK,TOV,PF,PTS,GmSc,+/-,Sam Hauser
237,61,2025-03-02,BOS,,DEN,"W, 110-103",,17:19,3,4,.750,2,3,.667,1,1,1.000,1.000,0,0,,1,2,3,1,0,1,1,0,8,8.1,3,Sam Hauser
238,62,2025-03-05,BOS,,POR,"W, 128-118",*,31:53,2,9,.222,1,8,.125,1,1,1.000,.278,0,0,,1,5,6,0,1,0,0,2,5,1.9,8,Sam Hauser
,63,2025-03-06,BOS,,PHI,"W, 123-105",Did Not Dress,,,,,,,,,,,,,,,,,,,,,,,,,,Sam Hauser
239,64,2025-03-08,BOS,,LAL,"W, 111-101",,11:30,0,1,.000,0,1,.000,0,0,,.000,0,0,,0,0,0,0,0,0,0,1,0,-1.1,-7,Sam Hauser
240,65,2025-03-10,BOS,,UTA,"W, 114-108",*,35:29,11,23,.478,9,19,.474,2,4,.500,.674,2,2,1.000,3,3,6,1,1,0,0,0,33,26.0,13,Sam Hauser
241,66,2025-03-12,BOS,,OKC,"L, 112-118",,11:03,1,4,.250,1,4,.250,0,0,,.375,0,0,,0,2,2,1,0,0,1,1,3,0.5,6,Sam Hauser
242,67,2025-03-14,BOS,@,MIA,"W, 103-91",,21:06,2,4,.500,2,4,.500,0,0,,.750,0,0,,0,3,3,0,0,0,0,2,6,4.1,-2,Sam Hauser
243,68,2025-03-15,BOS,@,BRK,"W, 115-113",*,28:16,4,7,.571,3,6,.500,1,1,1.000,.786,0,0,,1,1,2,1,0,0,0,1,11,9.0,-9,Sam Hauser
244,69,2025-03-18,BOS,,BRK,"W, 104-96",*,29:20,3,8,.375,2,7,.286,1,1,1.000,.500,0,0,,0,7,7,0,0,0,0,4,8,4.1,-7,Sam Hauser
245,70,2025-03-21,BOS,@,UTA,"W, 121-99",,28:56,5,10,.500,4,8,.500,1,2,.500,.700,0,0,,0,1,1,0,1,0,0,0,14,10.3,15,Sam Hauser
246,71,2025-03-23,BOS,@,POR,"W, 129-116",*,38:37,8,11,.727,8,10,.800,0,1,.000,1.091,0,0,,0,3,3,0,0,1,0,4,24,19.5,6,Sam Hauser
,72,2025-03-24,BOS,@,SAC,"W, 113-95",Did Not Dress,,,,,,,,,,,,,,,,,,,,,,,,,,Sam Hauser
247,73,2025-03-26,BOS,@,PHO,"W, 132-102",,20:40,4,5,.800,3,4,.750,1,1,1.000,1.100,0,0,,0,3,3,3,3,0,0,1,11,14.7,10,Sam Hauser
248,74,2025-03-29,BOS,@,SAS,"W, 121-111",,23:57,4,13,.308,3,11,.273,1,2,.500,.423,0,0,,1,1,2,1,1,0,0,2,11,5.4,-1,Sam Hauser
249,75,2025-03-31,BOS,@,MEM,"W, 117-103",,24:57,2,6,.333,2,6,.333,0,0,,.500,2,2,1.000,0,3,3,3,1,0,0,1,8,8.2,-2,Sam Hauser
Gcar,Gtm,Date,Team,,Opp,Result,GS,MP,FG,FGA,FG%,3P,3PA,3P%,2P,2PA,2P%,eFG%,FT,FTA,FT%,ORB,DRB,TRB,AST,STL,BLK,TOV,PF,PTS,GmSc,+/-,Sam Hauser
250,76,2025-04-02,BOS,,MIA,"L, 103-124",*,25:38,2,5,.400,2,5,.400,0,0,,.600,0,0,,1,2,3,0,0,0,0,4,6,3.0,-12,Sam Hauser
251,77,2025-04-04,BOS,,PHO,"W, 123-103",,21:00,2,6,.333,1,5,.200,1,1,1.000,.417,0,0,,0,5,5,1,0,0,1,1,5,2.4,8,Sam Hauser
252,78,2025-04-06,BOS,,WAS,"W, 124-90",,21:40,7,12,.583,4,7,.571,3,5,.600,.750,0,0,,2,6,8,0,0,1,0,1,18,15.9,25,Sam Hauser
253,79,2025-04-08,BOS,@,NYK,"W, 119-117 (OT)",,28:07,3,6,.500,1,4,.250,2,2,1.000,.583,0,0,,0,2,2,1,1,1,1,0,7,6.0,9,Sam Hauser
254,80,2025-04-09,BOS,@,ORL,"L, 76-96",*,25:15,4,11,.364,2,8,.250,2,3,.667,.455,0,0,,0,3,3,0,0,0,1,0,10,3.8,-17,Sam Hauser
255,81,2025-04-11,BOS,,CHO,"W, 130-94",,22:15,7,12,.583,6,9,.667,1,3,.333,.833,0,0,,1,4,5,1,1,0,0,1,20,17.6,15,Sam Hauser
256,82,2025-04-13,BOS,,CHO,"W, 93-86",*,28:34,4,9,.444,4,7,.571,0,2,.000,.667,3,3,1.000,0,2,2,1,0,0,0,0,15,11.6,2,Sam Hauser
281,1,2024-10-22,BOS,,NYK,"W, 132-109",,19:19,2,3,.667,0,0,,2,3,.667,.667,0,0,,2,1,3,1,1,1,0,0,4,6.8,2,Luke Kornet
282,2,2024-10-24,BOS,@,WAS,"W, 122-102",,16:13,2,3,.667,0,0,,2,3,.667,.667,0,0,,1,3,4,1,0,0,0,4,4,3.4,13,Luke Kornet
283,3,2024-10-26,BOS,@,DET,"W, 124-118",,19:19,0,1,.000,0,0,,0,1,.000,.000,0,0,,3,1,4,3,1,1,2,2,0,2.7,-5,Luke Kornet
284,4,2024-10-28,BOS,,MIL,"W, 119-108",,09:46,0,0,,0,0,,0,0,,,0,0,,0,1,1,1,0,1,0,0,0,1.7,-5,Luke Kornet
285,5,2024-10-30,BOS,@,IND,"L, 132-135 (OT)",,15:42,1,5,.200,0,0,,1,5,.200,.200,6,6,1.000,7,2,9,2,0,0,0,2,8,11.0,-3,Luke Kornet
Gcar,Gtm,Date,Team,,Opp,Result,GS,MP,FG,FGA,FG%,3P,3PA,3P%,2P,2PA,2P%,eFG%,FT,FTA,FT%,ORB,DRB,TRB,AST,STL,BLK,TOV,PF,PTS,GmSc,+/-,Luke Kornet
286,6,2024-11-01,BOS,@,CHO,"W, 124-109",*,23:31,2,2,1.000,0,0,,2,2,1.000,1.000,1,2,.500,2,2,4,1,1,2,0,1,5,8.7,16,Luke Kornet
287,7,2024-11-02,BOS,@,CHO,"W, 113-103",*,29:36,6,6,1.000,0,0,,6,6,1.000,1.000,7,7,1.000,1,3,4,3,1,2,2,2,19,20.5,8,Luke Kornet
288,8,2024-11-04,BOS,@,ATL,"W, 123-93",,15:40,1,2,.500,0,0,,1,2,.500,.500,0,0,,2,5,7,0,1,1,0,3,2,4.4,2,Luke Kornet
289,9,2024-11-06,BOS,,GSW,"L, 112-118",,14:21,0,2,.000,0,0,,0,2,.000,.000,2,2,1.000,2,1,3,2,0,0,0,1,2,3.3,-7,Luke Kornet
,10,2024-11-08,BOS,,BRK,"W, 108-104 (OT)",Did Not Dress,,,,,,,,,,,,,,,,,,,,,,,,,,Luke Kornet
290,11,2024-11-10,BOS,@,MIL,"W, 113-107",,05:42,0,0,,0,0,,0,0,,,0,0,,1,0,1,0,0,0,0,1,0,0.3,-1,Luke Kornet
291,12,2024-11-12,BOS,,ATL,"L, 116-117",,04:19,0,0,,0,0,,0,0,,,0,0,,0,2,2,2,1,0,0,0,0,3.0,1,Luke Kornet
292,13,2024-11-13,BOS,@,BRK,"W, 139-114",,26:43,4,5,.800,0,0,,4,5,.800,.800,0,0,,1,2,3,3,0,1,0,1,8,9.8,6,Luke Kornet
293,14,2024-11-16,BOS,,TOR,"W, 126-123 (OT)",,17:14,2,3,.667,0,0,,2,3,.667,.667,0,0,,3,3,6,3,1,0,1,2,4,7.0,7,Luke Kornet
,15,2024-11-19,BOS,,CLE,"W, 120-117",Did Not Play,,,,,,,,,,,,,,,,,,,,,,,,,,Luke Kornet
294,16,2024-11-22,BOS,@,WAS,"W, 108-96",,23:43,3,3,1.000,0,0,,3,3,1.000,1.000,0,1,.000,3,3,6,1,1,1,1,1,6,8.7,15,Luke Kornet
,17,2024-11-24,BOS,,MIN,"W, 107-105",Did Not Dress,,,,,,,,,,,,,,,,,,,,,,,,,,Luke Kornet
,18,2024-11-25,BOS,,LAC,"W, 126-94",Inactive,,,,,,,,,,,,,,,,,,,,,,,,,,Luke Kornet
,19,2024-11-29,BOS,@,CHI,"W, 138-129",Did Not Play,,,,,,,,,,,,,,,,,,,,,,,,,,Luke Kornet
Gcar,Gtm,Date,Team,,Opp,Result,GS,MP,FG,FGA,FG%,3P,3PA,3P%,2P,2PA,2P%,eFG%,FT,FTA,FT%,ORB,DRB,TRB,AST,STL,BLK,TOV,PF,PTS,GmSc,+/-,Luke Kornet
295,20,2024-12-01,BOS,@,CLE,"L, 111-115",,08:41,0,2,.000,0,0,,0,2,.000,.000,0,0,,0,5,5,0,0,3,0,0,0,2.2,1,Luke Kornet
296,21,2024-12-02,BOS,,MIA,"W, 108-89",*,27:12,3,4,.750,0,0,,3,4,.750,.750,0,0,,1,3,4,3,0,6,1,3,6,10.1,14,Luke Kornet
297,22,2024-12-04,BOS,,DET,"W, 130-120",,20:46,4,6,.667,0,0,,4,6,.667,.667,1,1,1.000,2,6,8,1,2,2,0,1,9,13.3,-4,Luke Kornet
,23,2024-12-06,BOS,,MIL,"W, 111-105",Did Not Play,,,,,,,,,,,,,,,,,,,,,,,,,,Luke Kornet
298,24,2024-12-07,BOS,,MEM,"L, 121-127",,09:13,0,1,.000,0,0,,0,1,.000,.000,3,4,.750,2,1,3,0,0,0,1,1,3,2.2,-3,Luke Kornet
299,25,2024-12-12,BOS,,DET,"W, 123-99",,12:32,5,5,1.000,0,0,,5,5,1.000,1.000,2,3,.667,2,5,7,1,0,0,0,1,12,13.3,16,Luke Kornet
300,26,2024-12-15,BOS,@,WAS,"W, 112-98",,26:50,1,3,.333,0,0,,1,3,.333,.333,5,8,.625,5,6,11,4,0,1,1,0,7,11.9,20,Luke Kornet
301,27,2024-12-19,BOS,,CHI,"L, 108-117",,00:19,0,0,,0,0,,0,0,,,0,0,,0,0,0,0,0,0,0,0,0,0.0,3,Luke Kornet
302,28,2024-12-21,BOS,@,CHI,"W, 123-98",,19:22,2,6,.333,0,0,,2,6,.333,.333,0,0,,5,3,8,3,0,0,0,1,4,6.7,10,Luke Kornet
303,29,2024-12-23,BOS,@,ORL,"L, 104-108",,20:14,2,4,.500,0,0,,2,4,.500,.500,0,0,,2,3,5,0,1,1,0,0,4,6.0,6,Luke Kornet
304,30,2024-12-25,BOS,,PHI,"L, 114-118",,20:17,3,4,.750,0,0,,3,4,.750,.750,0,1,.000,6,4,10,2,0,2,0,1,6,11.8,-1,Luke Kornet
305,31,2024-12-27,BOS,,IND,"W, 142-105",,18:47,1,2,.500,0,0,,1,2,.500,.500,1,2,.500,2,3,5,1,1,0,1,1,3,4.2,11,Luke Kornet
306,32,2024-12-29,BOS,,IND,"L, 114-123",,13:42,0,1,.000,0,0,,0,1,.000,.000,1,2,.500,1,8,9,0,0,3,0,0,1,5.1,-3,Luke Kornet
307,33,2024-12-31,BOS,,TOR,"W, 125-71",,13:03,1,2,.500,0,0,,1,2,.500,.500,0,0,,1,3,4,2,0,0,1,0,2,3.0,17,Luke Kornet
Gcar,Gtm,Date,Team,,Opp,Result,GS,MP,FG,FGA,FG%,3P,3PA,3P%,2P,2PA,2P%,eFG%,FT,FTA,FT%,ORB,DRB,TRB,AST,STL,BLK,TOV,PF,PTS,GmSc,+/-,Luke Kornet
308,34,2025-01-02,BOS,@,MIN,"W, 118-115",,11:09,3,3,1.000,0,0,,3,3,1.000,1.000,1,1,1.000,0,3,3,1,1,0,0,3,7,7.5,0,Luke Kornet
309,35,2025-01-03,BOS,@,HOU,"W, 109-86",,23:31,4,7,.571,0,0,,4,7,.571,.571,1,4,.250,6,4,10,4,1,1,1,2,9,12.6,23,Luke Kornet
310,36,2025-01-05,BOS,@,OKC,"L, 92-105",,14:39,2,2,1.000,0,0,,2,2,1.000,1.000,0,0,,1,3,4,0,0,1,0,2,4,4.9,-2,Luke Kornet
311,37,2025-01-07,BOS,@,DEN,"W, 118-106",,17:30,1,1,1.000,0,0,,1,1,1.000,1.000,0,0,,1,2,3,1,0,2,0,2,2,4.3,5,Luke Kornet
312,38,2025-01-10,BOS,,SAC,"L, 97-114",,15:25,3,4,.750,0,0,,3,4,.750,.750,0,0,,3,3,6,2,1,0,1,0,6,8.8,-4,Luke Kornet
313,39,2025-01-12,BOS,,NOP,"W, 120-119",,13:45,4,6,.667,0,0,,4,6,.667,.667,0,0,,2,5,7,1,0,0,0,5,8,7.0,13,Luke Kornet
314,40,2025-01-15,BOS,@,TOR,"L, 97-110",,10:04,1,2,.500,0,0,,1,2,.500,.500,0,0,,2,1,3,1,0,1,0,1,2,3.7,7,Luke Kornet
315,41,2025-01-17,BOS,,ORL,"W, 121-94",,06:52,0,1,.000,0,0,,0,1,.000,.000,2,2,1.000,2,2,4,0,0,0,0,2,2,2.5,4,Luke Kornet
316,42,2025-01-18,BOS,,ATL,"L, 115-119 (OT)",*,30:53,7,9,.778,0,0,,7,9,.778,.778,3,4,.750,6,1,7,2,4,2,1,2,17,22.6,-5,Luke Kornet
317,43,2025-01-20,BOS,@,GSW,"W, 125-85",,12:00,4,4,1.000,0,0,,4,4,1.000,1.000,0,0,,3,4,7,2,0,2,1,0,8,11.9,16,Luke Kornet
318,44,2025-01-22,BOS,@,LAC,"W, 117-113 (OT)",*,30:07,0,2,.000,0,0,,0,2,.000,.000,2,2,1.000,1,1,2,1,1,1,1,2,2,2.2,18,Luke Kornet
319,45,2025-01-23,BOS,@,LAL,"L, 96-117",,11:38,1,3,.333,0,0,,1,3,.333,.333,2,2,1.000,4,0,4,0,0,0,0,3,4,3.9,-14,Luke Kornet
320,46,2025-01-25,BOS,@,DAL,"W, 122-107",,16:32,1,4,.250,0,0,,1,4,.250,.250,0,0,,4,6,10,5,0,2,0,0,2,9.1,21,Luke Kornet
321,47,2025-01-27,BOS,,HOU,"L, 112-114",*,33:10,8,9,.889,0,0,,8,9,.889,.889,2,2,1.000,2,5,7,1,1,1,3,3,18,16.0,-1,Luke Kornet
322,48,2025-01-29,BOS,,CHI,"W, 122-100",,14:36,1,3,.333,0,0,,1,3,.333,.333,0,0,,1,1,2,0,0,0,0,2,2,0.5,-1,Luke Kornet
323,49,2025-01-31,BOS,@,NOP,"W, 118-116",,15:53,4,4,1.000,0,0,,4,4,1.000,1.000,3,3,1.000,1,1,2,3,1,1,0,2,11,13.8,2,Luke Kornet
Gcar,Gtm,Date,Team,,Opp,Result,GS,MP,FG,FGA,FG%,3P,3PA,3P%,2P,2PA,2P%,eFG%,FT,FTA,FT%,ORB,DRB,TRB,AST,STL,BLK,TOV,PF,PTS,GmSc,+/-,Luke Kornet
324,50,2025-02-02,BOS,@,PHI,"W, 118-110",,13:10,1,1,1.000,0,0,,1,1,1.000,1.000,0,0,,1,1,2,0,0,0,0,3,2,1.5,17,Luke Kornet
325,51,2025-02-04,BOS,@,CLE,"W, 112-105",,12:28,2,2,1.000,0,0,,2,2,1.000,1.000,0,0,,3,0,3,3,1,0,0,2,4,7.8,10,Luke Kornet
326,52,2025-02-06,BOS,,DAL,"L, 120-127",,23:17,3,5,.600,0,0,,3,5,.600,.600,1,2,.500,4,1,5,5,0,1,0,2,7,10.8,-20,Luke Kornet
327,53,2025-02-08,BOS,@,NYK,"W, 131-104",*,28:36,7,7,1.000,0,0,,7,7,1.000,1.000,0,0,,5,7,12,1,1,3,0,4,14,19.7,21,Luke Kornet
328,54,2025-02-10,BOS,@,MIA,"W, 103-85",,21:55,0,2,.000,0,1,.000,0,1,.000,.000,0,0,,1,2,3,2,2,0,2,3,0,0.1,-4,Luke Kornet
329,55,2025-02-12,BOS,,SAS,"W, 116-103",,15:59,1,1,1.000,0,0,,1,1,1.000,1.000,0,0,,3,1,4,1,0,0,0,0,2,4.8,10,Luke Kornet
330,56,2025-02-20,BOS,@,PHI,"W, 124-104",,17:25,3,4,.750,0,0,,3,4,.750,.750,0,0,,4,3,7,4,1,2,0,1,6,12.9,12,Luke Kornet
331,57,2025-02-23,BOS,,NYK,"W, 118-105",,13:36,3,4,.750,0,0,,3,4,.750,.750,2,2,1.000,3,0,3,2,0,0,0,1,8,9.5,-3,Luke Kornet
,58,2025-02-25,BOS,@,TOR,"W, 111-101",Inactive,,,,,,,,,,,,,,,,,,,,,,,,,,Luke Kornet
,59,2025-02-26,BOS,@,DET,"L, 97-117",Inactive,,,,,,,,,,,,,,,,,,,,,,,,,,Luke Kornet
332,60,2025-02-28,BOS,,CLE,"L, 116-123",,19:17,0,0,,0,0,,0,0,,,0,0,,2,3,5,0,1,2,1,4,0,2.1,-26,Luke Kornet
Gcar,Gtm,Date,Team,,Opp,Result,GS,MP,FG,FGA,FG%,3P,3PA,3P%,2P,2PA,2P%,eFG%,FT,FTA,FT%,ORB,DRB,TRB,AST,STL,BLK,TOV,PF,PTS,GmSc,+/-,Luke Kornet
333,61,2025-03-02,BOS,,DEN,"W, 110-103",*,30:46,3,5,.600,0,0,,3,5,.600,.600,2,4,.500,1,0,1,4,0,1,0,2,8,8.3,-4,Luke Kornet
334,62,2025-03-05,BOS,,POR,"W, 128-118",*,22:31,1,4,.250,0,0,,1,4,.250,.250,0,0,,3,3,6,4,0,1,3,2,2,2.3,-4,Luke Kornet
335,63,2025-03-06,BOS,,PHI,"W, 123-105",*,32:29,4,4,1.000,0,0,,4,4,1.000,1.000,1,2,.500,3,4,7,4,0,4,1,2,9,14.5,26,Luke Kornet
336,64,2025-03-08,BOS,,LAL,"W, 111-101",,10:46,3,3,1.000,0,0,,3,3,1.000,1.000,0,2,.000,3,1,4,0,0,0,0,1,6,6.3,-6,Luke Kornet
337,65,2025-03-10,BOS,,UTA,"W, 114-108",*,30:05,2,4,.500,0,0,,2,4,.500,.500,1,2,.500,3,5,8,0,2,1,0,2,5,8.1,13,Luke Kornet
338,66,2025-03-12,BOS,,OKC,"L, 112-118",,14:41,3,3,1.000,0,0,,3,3,1.000,1.000,3,4,.750,4,0,4,0,0,0,0,3,9,9.3,-1,Luke Kornet
339,67,2025-03-14,BOS,@,MIA,"W, 103-91",*,21:36,2,3,.667,0,1,.000,2,2,1.000,.667,0,0,,0,4,4,1,1,0,0,3,4,4.4,10,Luke Kornet
340,68,2025-03-15,BOS,@,BRK,"W, 115-113",,24:33,5,7,.714,0,0,,5,7,.714,.714,0,1,.000,5,3,8,1,0,2,0,1,10,12.8,0,Luke Kornet
341,69,2025-03-18,BOS,,BRK,"W, 104-96",,12:16,0,0,,0,0,,0,0,,,1,2,.500,0,1,1,0,0,0,1,1,1,-0.5,-10,Luke Kornet
342,70,2025-03-21,BOS,@,UTA,"W, 121-99",,16:52,2,4,.500,0,0,,2,4,.500,.500,0,0,,3,5,8,0,0,3,0,1,4,7.3,23,Luke Kornet
343,71,2025-03-23,BOS,@,POR,"W, 129-116",,18:58,6,6,1.000,0,0,,6,6,1.000,1.000,1,1,1.000,3,2,5,3,0,0,0,2,13,15.2,11,Luke Kornet
344,72,2025-03-24,BOS,@,SAC,"W, 113-95",,25:53,6,7,.857,0,0,,6,7,.857,.857,1,2,.500,4,4,8,3,1,1,1,1,13,16.5,16,Luke Kornet
345,73,2025-03-26,BOS,@,PHO,"W, 132-102",,18:21,1,3,.333,0,0,,1,3,.333,.333,0,0,,0,5,5,0,0,2,0,0,2,3.2,15,Luke Kornet
346,74,2025-03-29,BOS,@,SAS,"W, 121-111",,31:14,7,10,.700,0,0,,7,10,.700,.700,1,2,.500,7,9,16,4,1,0,0,3,15,20.6,21,Luke Kornet
,75,2025-03-31,BOS,@,MEM,"W, 117-103",Did Not Dress,,,,,,,,,,,,,,,,,,,,,,,,,,Luke Kornet
Gcar,Gtm,Date,Team,,Opp,Result,GS,MP,FG,FGA,FG%,3P,3PA,3P%,2P,2PA,2P%,eFG%,FT,FTA,FT%,ORB,DRB,TRB,AST,STL,BLK,TOV,PF,PTS,GmSc,+/-,Luke Kornet
347,76,2025-04-02,BOS,,MIA,"L, 103-124",*,21:29,7,9,.778,0,0,,7,9,.778,.778,0,0,,6,0,6,2,0,0,0,3,14,14.9,3,Luke Kornet
348,77,2025-04-04,BOS,,PHO,"W, 123-103",,15:08,5,7,.714,0,0,,5,7,.714,.714,2,2,1.000,4,0,4,0,0,0,0,2,12,11.1,4,Luke Kornet
349,78,2025-04-06,BOS,,WAS,"W, 124-90",*,26:10,6,9,.667,0,0,,6,9,.667,.667,1,2,.500,9,5,14,3,0,0,0,1,13,18.2,21,Luke Kornet
350,79,2025-04-08,BOS,@,NYK,"W, 119-117 (OT)",,18:54,0,3,.000,0,0,,0,3,.000,.000,2,2,1.000,3,0,3,1,1,1,2,4,2,0.8,6,Luke Kornet
351,80,2025-04-09,BOS,@,ORL,"L, 76-96",*,25:27,7,10,.700,0,0,,7,10,.700,.700,0,0,,1,2,3,1,1,1,1,2,14,11.7,2,Luke Kornet
352,81,2025-04-11,BOS,,CHO,"W, 130-94",,17:43,3,5,.600,0,0,,3,5,.600,.600,2,4,.500,2,2,4,2,0,0,0,1,8,7.9,19,Luke Kornet
353,82,2025-04-13,BOS,,CHO,"W, 93-86",*,29:46,5,9,.556,0,1,.000,5,8,.625,.556,1,2,.500,4,4,8,2,1,4,0,2,11,14.7,1,Luke Kornet
